s_fid,y
20230303-49284-13461-s-5746,0
20230303-49281-13461-s-8554,0
20230303-49284-13461-s-6698,1
20230303-49281-13461-s-8383,0
20230303-49281-13461-s-7931,0
20230303-49281-13461-s-8505,1
20230303-49281-13461-s-7435,0
20230303-49281-13461-s-8489,0
20230303-49284-13461-s-6793,1
20230303-49281-13461-s-8087,0
20230303-49281-13461-s-8421,1
20230303-49281-13461-s-7694,0
20230303-49284-13461-s-6525,0
20230303-49284-13461-s-6254,0
20230303-49281-13461-s-8311,0
20230303-49281-13461-s-8051,1
20230303-49284-13461-s-5811,0
20230303-49281-13461-s-8592,0
20230303-49281-13461-s-8512,0
20230303-49281-13461-s-7724,0
20230303-49281-13461-s-7713,0
20230303-49281-13461-s-7775,0
20230303-49281-13461-s-8692,0
20230303-49281-13461-s-7597,0
20230303-49281-13461-s-7347,0
20230303-49284-13461-s-6554,1
20230303-49281-13461-s-8793,0
20230303-49284-13461-s-6614,1
20230303-49281-13461-s-8481,0
20230303-49281-13461-s-8274,0
20230303-49281-13461-s-8020,0
20230303-49281-13461-s-7339,0
20230303-49281-13461-s-7580,0
20230303-49281-13461-s-8800,0
20230303-49284-13461-s-6349,0
20230303-49281-13461-s-8572,0
20230303-49281-13461-s-7454,0
20230303-49281-13461-s-8497,0
20230303-49281-13461-s-8478,0
20230303-49281-13461-s-8525,0
20230303-49281-13461-s-7968,0
20230303-49281-13461-s-8663,0
20230303-49281-13461-s-8437,0
20230303-49284-13461-s-5769,0
20230303-49281-13461-s-8668,0
20230303-49281-13461-s-8438,0
20230303-49284-13461-s-6139,0
20230303-49281-13461-s-8802,0
20230303-49284-13461-s-6198,0
20230303-49284-13461-s-6283,0
20230303-49281-13461-s-8594,0
20230303-49284-13461-s-6424,0
20230303-49281-13461-s-7436,0
20230303-49281-13461-s-8014,0
20230303-49281-13461-s-7568,0
20230303-49284-13461-s-6012,0
20230303-49281-13461-s-7773,0
20230303-49281-13461-s-8112,0
20230303-49284-13461-s-6209,0
20230303-49284-13461-s-6634,1
20230303-49281-13461-s-8293,0
20230303-49281-13461-s-8555,0
20230303-49281-13461-s-7369,0
20230303-49284-13461-s-6315,0
20230303-49284-13461-s-6105,0
20230303-49281-13461-s-8396,1
20230303-49281-13461-s-8515,0
20230303-49284-13461-s-5708,0
20230303-49281-13461-s-8694,0
20230303-49284-13461-s-6941,0
20230303-49281-13461-s-8240,0
20230303-49284-13461-s-6313,0
20230303-49281-13461-s-8957,0
20230303-49284-13461-s-6808,1
20230303-49281-13461-s-7367,0
20230303-49281-13461-s-7945,0
20230303-49281-13461-s-8460,0
20230303-49284-13461-s-5765,0
20230303-49281-13461-s-8189,0
20230303-49281-13461-s-7978,0
20230303-49281-13461-s-7531,0
20230303-49281-13461-s-7366,0
20230303-49284-13461-s-6544,1
20230303-49281-13461-s-8291,0
20230303-49281-13461-s-8560,0
20230303-49281-13461-s-8289,0
20230303-49284-13461-s-6338,0
20230303-49284-13461-s-6828,1
20230303-49284-13461-s-6040,0
20230303-49281-13461-s-8828,0
20230303-49284-13461-s-6504,1
20230303-49281-13461-s-8687,0
20230303-49281-13461-s-7777,0
20230303-49284-13461-s-6070,0
20230303-49281-13461-s-8562,0
20230303-49284-13461-s-6788,1
20230303-49281-13461-s-7425,0
20230303-49281-13461-s-8061,0
20230303-49284-13461-s-6350,0
20230303-49284-13461-s-6026,0
20230303-49281-13461-s-7782,0
20230303-49284-13461-s-6261,0
20230303-49284-13461-s-6806,1
20230303-49284-13461-s-6423,0
20230303-49281-13461-s-8710,0
20230303-49281-13461-s-7569,0
20230303-49281-13461-s-8451,0
20230303-49284-13461-s-6854,0
20230303-49281-13461-s-8608,0
20230303-49281-13461-s-8357,1
20230303-49281-13461-s-7809,0
20230303-49281-13461-s-8674,0
20230303-49281-13461-s-8716,0
20230303-49281-13461-s-8906,0
20230303-49281-13461-s-8768,0
20230303-49284-13461-s-6842,0
20230303-49281-13461-s-8904,0
20230303-49281-13461-s-8633,0
20230303-49281-13461-s-7518,0
20230303-49281-13461-s-7895,0
20230303-49281-13461-s-7371,0
20230303-49284-13461-s-5791,0
20230303-49284-13461-s-6017,0
20230303-49284-13461-s-5788,0
20230303-49284-13461-s-6858,0
20230303-49284-13461-s-6873,0
20230303-49281-13461-s-8076,1
20230303-49281-13461-s-8430,1
20230303-49284-13461-s-6355,0
20230303-49284-13461-s-5683,0
20230303-49281-13461-s-7511,0
20230303-49284-13461-s-6172,0
20230303-49281-13461-s-7429,0
20230303-49284-13461-s-6778,1
20230303-49284-13461-s-6602,1
20230303-49284-13461-s-6432,0
20230303-49284-13461-s-6735,1
20230303-49281-13461-s-8807,0
20230303-49284-13461-s-6207,0
20230303-49281-13461-s-7871,0
20230303-49284-13461-s-6751,1
20230303-49284-13461-s-6729,1
20230303-49281-13461-s-7787,0
20230303-49284-13461-s-6539,1
20230303-49281-13461-s-8618,0
20230303-49284-13461-s-6569,0
20230303-49281-13461-s-8666,0
20230303-49281-13461-s-7663,0
20230303-49281-13461-s-7869,0
20230303-49284-13461-s-6757,1
20230303-49284-13461-s-5965,0
20230303-49281-13461-s-7567,0
20230303-49281-13461-s-7486,0
20230303-49284-13461-s-6835,1
20230303-49281-13461-s-7373,0
20230303-49281-13461-s-8891,1
20230303-49281-13461-s-8784,0
20230303-49284-13461-s-5720,0
20230303-49281-13461-s-7561,0
20230303-49281-13461-s-8422,0
20230303-49281-13461-s-8615,0
20230303-49281-13461-s-8705,0
20230303-49281-13461-s-8521,0
20230303-49284-13461-s-6800,1
20230303-49281-13461-s-7933,0
20230303-49281-13461-s-8616,0
20230303-49284-13461-s-6610,1
20230303-49281-13461-s-7345,0
20230303-49281-13461-s-8673,0
20230303-49284-13461-s-5759,0
20230303-49281-13461-s-8316,0
20230303-49284-13461-s-6481,0
20230303-49284-13461-s-6398,0
20230303-49281-13461-s-8524,0
20230303-49284-13461-s-5694,0
20230303-49281-13461-s-7509,0
20230303-49281-13461-s-8678,0
20230303-49284-13461-s-5982,0
20230303-49284-13461-s-6619,1
20230303-49281-13461-s-8557,0
20230303-49284-13461-s-6512,0
20230303-49284-13461-s-6878,0
20230303-49281-13461-s-7730,0
20230303-49281-13461-s-8498,0
20230303-49281-13461-s-7528,0
20230303-49284-13461-s-6754,1
20230303-49281-13461-s-8233,0
20230303-49281-13461-s-8440,0
20230303-49281-13461-s-7912,0
20230303-49281-13461-s-8513,0
20230303-49281-13461-s-8597,0
20230303-49281-13461-s-7758,0
20230303-49284-13461-s-6760,1
20230303-49281-13461-s-8639,0
20230303-49284-13461-s-6476,1
20230303-49281-13461-s-8707,0
20230303-49284-13461-s-6796,1
20230303-49281-13461-s-8585,0
20230303-49284-13461-s-6648,1
20230303-49281-13461-s-7446,0
20230303-49281-13461-s-7944,0
20230303-49281-13461-s-8799,0
20230303-49284-13461-s-6131,0
20230303-49281-13461-s-7820,0
20230303-49284-13461-s-6607,1
20230303-49284-13461-s-6391,0
20230303-49281-13461-s-7764,0
20230303-49281-13461-s-7715,0
20230303-49281-13461-s-7548,0
20230303-49284-13461-s-5869,0
20230303-49284-13461-s-5821,0
20230303-49281-13461-s-7610,0
20230303-49281-13461-s-7657,0
20230303-49284-13461-s-6659,1
20230303-49281-13461-s-7448,0
20230303-49284-13461-s-5675,0
20230303-49281-13461-s-7680,0
20230303-49281-13461-s-8635,0
20230303-49284-13461-s-6826,1
20230303-49281-13461-s-7800,0
20230303-49281-13461-s-8253,0
20230303-49284-13461-s-5709,0
20230303-49281-13461-s-8724,0
20230303-49284-13461-s-6130,0
20230303-49284-13461-s-6652,1
20230303-49281-13461-s-8771,0
20230303-49284-13461-s-6434,1
20230303-49281-13461-s-7503,0
20230303-49281-13461-s-8067,0
20230303-49281-13461-s-8354,0
20230303-49281-13461-s-8563,0
20230303-49284-13461-s-6804,1
20230303-49284-13461-s-6647,1
20230303-49281-13461-s-8218,0
20230303-49281-13461-s-7351,0
20230303-49281-13461-s-8339,0
20230303-49284-13461-s-6670,1
20230303-49284-13461-s-6547,1
20230303-49281-13461-s-8653,0
20230303-49284-13461-s-6322,0
20230303-49284-13461-s-6920,1
20230303-49281-13461-s-8060,1
20230303-49281-13461-s-8553,0
20230303-49281-13461-s-7608,0
20230303-49281-13461-s-8407,0
20230303-49284-13461-s-6425,0
20230303-49281-13461-s-8393,0
20230303-49281-13461-s-7751,0
20230303-49284-13461-s-6119,0
20230303-49281-13461-s-8181,0
20230303-49281-13461-s-7393,0
20230303-49281-13461-s-8373,0
20230303-49281-13461-s-7684,0
20230303-49281-13461-s-8752,0
20230303-49284-13461-s-6872,0
20230303-49281-13461-s-7390,0
20230303-49281-13461-s-7550,0
20230303-49281-13461-s-7414,0
20230303-49284-13461-s-6656,1
20230303-49281-13461-s-7672,0
20230303-49284-13461-s-6555,1
20230303-49281-13461-s-8755,0
20230303-49281-13461-s-7613,0
20230303-49281-13461-s-8761,0
20230303-49281-13461-s-7988,1
20230303-49281-13461-s-8275,1
20230303-49284-13461-s-6791,1
20230303-49284-13461-s-6718,1
20230303-49281-13461-s-7463,0
20230303-49281-13461-s-7647,0
20230303-49281-13461-s-8579,0
20230303-49284-13461-s-6720,1
20230303-49281-13461-s-7979,0
20230303-49281-13461-s-8054,0
20230303-49284-13461-s-6643,1
20230303-49281-13461-s-7343,0
20230303-49281-13461-s-8905,0
20230303-49281-13461-s-8628,0
20230303-49284-13461-s-6763,1
20230303-49281-13461-s-8025,1
20230303-49284-13461-s-6940,1
20230303-49281-13461-s-8750,0
20230303-49284-13461-s-5750,0
20230303-49281-13461-s-8032,0
20230303-49284-13461-s-6407,0
20230303-49284-13461-s-6615,1
20230303-49281-13461-s-7591,0
20230303-49281-13461-s-8044,0
20230303-49284-13461-s-6678,1
20230303-49281-13461-s-7592,0
20230303-49281-13461-s-8095,1
20230303-49281-13461-s-7981,0
20230303-49281-13461-s-8546,0
20230303-49284-13461-s-5744,1
20230303-49284-13461-s-6827,1
20230303-49284-13461-s-6459,1
20230303-49284-13461-s-6405,0
20230303-49284-13461-s-6771,1
20230303-49281-13461-s-7744,1
20230303-49281-13461-s-7875,0
20230303-49281-13461-s-8587,0
20230303-49281-13461-s-8487,0
20230303-49284-13461-s-6816,1
20230303-49284-13461-s-6759,1
20230303-49281-13461-s-7774,0
20230303-49284-13461-s-6653,1
20230303-49284-13461-s-6171,0
20230303-49281-13461-s-7812,0
20230303-49281-13461-s-8359,0
20230303-49281-13461-s-8536,0
20230303-49281-13461-s-8943,0
20230303-49281-13461-s-7603,0
20230303-49281-13461-s-7405,0
20230303-49284-13461-s-6041,0
20230303-49281-13461-s-8458,0
20230303-49281-13461-s-7570,0
20230303-49284-13461-s-6046,0
20230303-49281-13461-s-8469,0
20230303-49281-13461-s-8476,0
20230303-49281-13461-s-7415,0
20230303-49284-13461-s-6655,1
20230303-49281-13461-s-8511,0
20230303-49281-13461-s-8956,0
20230303-49284-13461-s-6168,1
20230303-49281-13461-s-7841,0
20230303-49281-13461-s-7922,0
20230303-49284-13461-s-6672,1
20230303-49281-13461-s-8670,0
20230303-49281-13461-s-8581,0
20230303-49284-13461-s-6606,1
20230303-49281-13461-s-8314,0
20230303-49281-13461-s-8444,0
20230303-49284-13461-s-6877,0
20230303-49281-13461-s-8423,0
20230303-49281-13461-s-8629,0
20230303-49281-13461-s-7671,0
20230303-49281-13461-s-7602,0
20230303-49281-13461-s-7849,0
20230303-49281-13461-s-7402,0
20230303-49281-13461-s-8824,0
20230303-49284-13461-s-6748,1
20230303-49281-13461-s-7380,0
20230303-49281-13461-s-8211,0
20230303-49284-13461-s-6822,1
20230303-49284-13461-s-6492,1
20230303-49281-13461-s-8120,1
20230303-49284-13461-s-6746,1
20230303-49281-13461-s-8125,1
20230303-49284-13461-s-6747,1
20230303-49281-13461-s-8116,0
20230303-49284-13461-s-6704,1
20230303-49281-13461-s-7882,0
20230303-49281-13461-s-8578,0
20230303-49281-13461-s-7827,0
20230303-49284-13461-s-6811,1
20230303-49281-13461-s-7607,1
20230303-49281-13461-s-7718,0
20230303-49281-13461-s-8447,0
20230303-49284-13461-s-6497,1
20230303-49281-13461-s-7615,0
20230303-49281-13461-s-8566,0
20230303-49284-13461-s-6215,1
20230303-49284-13461-s-5638,0
20230303-49284-13461-s-6843,0
20230303-49281-13461-s-8691,0
20230303-49284-13461-s-6460,1
20230303-49281-13461-s-8187,0
20230303-49281-13461-s-8468,0
20230303-49281-13461-s-8730,0
20230303-49284-13461-s-6790,1
20230303-49281-13461-s-7338,0
20230303-49281-13461-s-8624,0
20230303-49281-13461-s-7763,0
20230303-49281-13461-s-7814,0
20230303-49281-13461-s-8055,0
20230303-49281-13461-s-7376,0
20230303-49281-13461-s-8037,0
20230303-49281-13461-s-7621,0
20230303-49281-13461-s-8911,0
20230303-49284-13461-s-6579,1
20230303-49281-13461-s-8758,0
20230303-49281-13461-s-8575,0
20230303-49281-13461-s-8227,0
20230303-49281-13461-s-7855,0
20230303-49281-13461-s-7407,0
20230303-49284-13461-s-6649,1
20230303-49281-13461-s-7793,0
20230303-49284-13461-s-6646,1
20230303-49284-13461-s-5757,0
20230303-49284-13461-s-6637,1
20230303-49281-13461-s-8809,0
20230303-49281-13461-s-8805,0
20230303-49284-13461-s-6658,1
20230303-49281-13461-s-7520,0
20230303-49284-13461-s-6839,1
20230303-49284-13461-s-6162,0
20230303-49281-13461-s-7595,0
20230303-49281-13461-s-8506,0
20230303-49281-13461-s-8416,0
20230303-49284-13461-s-6378,0
20230303-49284-13461-s-5959,0
20230303-49281-13461-s-8415,0
20230303-49281-13461-s-8320,0
20230303-49281-13461-s-8195,0
20230303-49281-13461-s-8918,0
20230303-49284-13461-s-6356,0
20230303-49284-13461-s-5686,0
20230303-49281-13461-s-8613,0
20230303-49284-13461-s-6530,1
20230303-49281-13461-s-8249,0
20230303-49281-13461-s-8643,0
20230303-49281-13461-s-8400,1
20230303-49284-13461-s-6880,0
20230303-49281-13461-s-7977,0
20230303-49281-13461-s-8753,0
20230303-49281-13461-s-8649,0
20230303-49284-13461-s-6470,1
20230303-49281-13461-s-8728,0
20230303-49281-13461-s-7468,0
20230303-49281-13461-s-7955,0
20230303-49284-13461-s-6837,1
20230303-49284-13461-s-5983,0
20230303-49281-13461-s-8086,0
20230303-49281-13461-s-8256,0
20230303-49281-13461-s-8813,0
20230303-49281-13461-s-7930,0
20230303-49281-13461-s-8213,0
20230303-49281-13461-s-8490,0
20230303-49281-13461-s-7496,0
20230303-49284-13461-s-6627,1
20230303-49281-13461-s-7524,0
20230303-49284-13461-s-5778,0
20230303-49284-13461-s-6409,0
20230303-49284-13461-s-5672,0
20230303-49284-13461-s-5773,0
20230303-49281-13461-s-7560,1
20230303-49281-13461-s-8527,0
20230303-49284-13461-s-5685,0
20230303-49281-13461-s-7937,0
20230303-49284-13461-s-6727,1
20230303-49284-13461-s-5763,0
20230303-49281-13461-s-8550,0
20230303-49281-13461-s-7581,0
20230303-49281-13461-s-8913,0
20230303-49284-13461-s-6013,0
20230303-49281-13461-s-8669,0
20230303-49284-13461-s-6683,1
20230303-49284-13461-s-5998,0
20230303-49281-13461-s-8127,1
20230303-49281-13461-s-8026,0
20230303-49281-13461-s-8704,0
20230303-49281-13461-s-7553,0
20230303-49281-13461-s-8599,0
20230303-49281-13461-s-7426,0
20230303-49284-13461-s-5867,0
20230303-49281-13461-s-8647,0
20230303-49284-13461-s-6591,1
20230303-49281-13461-s-7447,0
20230303-49284-13461-s-6288,0
20230303-49284-13461-s-6455,0
20230303-49281-13461-s-7862,0
20230303-49281-13461-s-8464,0
20230303-49281-13461-s-7734,0
20230303-49281-13461-s-8036,0
20230303-49281-13461-s-8482,0
20230303-49284-13461-s-6616,1
20230303-49281-13461-s-8492,0
20230303-49281-13461-s-8533,0
20230303-49284-13461-s-6679,1
20230303-49284-13461-s-5785,0
20230303-49284-13461-s-6673,1
20230303-49284-13461-s-5823,0
20230303-49281-13461-s-7389,0
20230303-49281-13461-s-8413,0
20230303-49281-13461-s-8600,0
20230303-49284-13461-s-6537,0
20230303-49281-13461-s-8915,0
20230303-49284-13461-s-6676,1
20230303-49281-13461-s-7500,0
20230303-49281-13461-s-7661,0
20230303-49281-13461-s-8411,0
20230303-49281-13461-s-8442,0
20230303-49284-13461-s-6157,0
20230303-49281-13461-s-7797,0
20230303-49281-13461-s-7785,0
20230303-49284-13461-s-6604,1
20230303-49281-13461-s-8736,0
20230303-49284-13461-s-6278,0
20230303-49281-13461-s-8050,0
20230303-49284-13461-s-5952,0
20230303-49281-13461-s-7551,0
20230303-49281-13461-s-8409,1
20230303-49281-13461-s-7460,0
20230303-49281-13461-s-7892,0
20230303-49281-13461-s-8819,0
20230303-49281-13461-s-7854,1
20230303-49284-13461-s-6570,1
20230303-49281-13461-s-8483,0
20230303-49284-13461-s-6541,1
20230303-49281-13461-s-7904,0
20230303-49281-13461-s-8605,0
20230303-49284-13461-s-5951,0
20230303-49281-13461-s-8118,1
20230303-49281-13461-s-8161,0
20230303-49284-13461-s-6211,0
20230303-49281-13461-s-8341,0
20230303-49281-13461-s-7631,1
20230303-49281-13461-s-7541,0
20230303-49284-13461-s-6845,0
20230303-49281-13461-s-8775,0
20230303-49281-13461-s-8219,0
20230303-49281-13461-s-8797,0
20230303-49281-13461-s-7623,0
20230303-49284-13461-s-6586,1
20230303-49281-13461-s-7420,0
20230303-49281-13461-s-7828,0
20230303-49281-13461-s-8950,1
20230303-49281-13461-s-8769,0
20230303-49284-13461-s-6642,1
20230303-49281-13461-s-8368,0
20230303-49284-13461-s-6247,0
20230303-49281-13461-s-8331,0
20230303-49284-13461-s-6387,0
20230303-49284-13461-s-5688,0
20230303-49281-13461-s-7925,0
20230303-49284-13461-s-6603,1
20230303-49281-13461-s-8667,0
20230303-49281-13461-s-8680,0
20230303-49281-13461-s-8695,0
20230303-49281-13461-s-7381,0
20230303-49281-13461-s-8760,0
20230303-49284-13461-s-6471,0
20230303-49281-13461-s-8712,0
20230303-49284-13461-s-6095,0
20230303-49281-13461-s-7708,0
20230303-49281-13461-s-7759,0
20230303-49281-13461-s-8746,0
20230303-49281-13461-s-7533,0
20230303-49284-13461-s-6617,1
20230303-49284-13461-s-6003,0
20230303-49281-13461-s-7712,0
20230303-49281-13461-s-8389,0
20230303-49281-13461-s-8002,0
20230303-49281-13461-s-8697,0
20230303-49281-13461-s-8378,0
20230303-49281-13461-s-8247,0
20230303-49281-13461-s-7964,0
20230303-49281-13461-s-8611,0
20230303-49284-13461-s-7709,0
20230303-49281-13461-s-7762,0
20230303-49281-13461-s-8338,0
20230303-49281-13461-s-7679,1
20230303-49284-13461-s-6222,0
20230303-49281-13461-s-7771,0
20230303-49281-13461-s-7838,0
20230303-49281-13461-s-8781,0
20230303-49281-13461-s-7768,0
20230303-49284-13461-s-6695,1
20230303-49281-13461-s-8738,0
20230303-49281-13461-s-8537,0
20230303-49281-13461-s-8632,0
20230303-49284-13461-s-6244,0
20230303-49284-13461-s-5818,0
20230303-49284-13461-s-6686,1
20230303-49281-13461-s-8955,0
20230303-49281-13461-s-7740,0
20230303-49281-13461-s-7934,0
20230303-49284-13461-s-6106,0
20230303-49281-13461-s-7517,0
20230303-49281-13461-s-8714,0
20230303-49281-13461-s-8018,1
20230303-49281-13461-s-8672,0
20230303-49281-13461-s-7666,0
20230303-49281-13461-s-7445,0
20230303-49281-13461-s-7513,0
20230303-49284-13461-s-5815,0
20230303-49281-13461-s-7750,0
20230303-49284-13461-s-6743,1
20230303-49281-13461-s-8606,0
20230303-49281-13461-s-7558,0
20230303-49284-13461-s-6639,1
20230303-49281-13461-s-8474,0
20230303-49284-13461-s-6694,1
20230303-49281-13461-s-8356,0
20230303-49281-13461-s-8946,1
20230303-49284-13461-s-6674,1
20230303-49284-13461-s-6628,1
20230303-49284-13461-s-5842,0
20230303-49281-13461-s-7461,0
20230303-49284-13461-s-6626,1
20230303-49281-13461-s-7576,0
20230303-49284-13461-s-6431,0
20230303-49281-13461-s-7833,0
20230303-49281-13461-s-8340,0
20230303-49281-13461-s-7521,0
20230303-49284-13461-s-6756,1
20230303-49284-13461-s-6636,1
20230303-49281-13461-s-7897,0
20230303-49281-13461-s-8179,0
20230303-49284-13461-s-6786,1
20230303-49281-13461-s-8645,0
20230303-49281-13461-s-7565,0
20230303-49281-13461-s-7630,0
20230303-49281-13461-s-8574,0
20230303-49281-13461-s-8419,0
20230303-49281-13461-s-8047,0
20230303-49284-13461-s-6408,0
20230303-49281-13461-s-7632,0
20230303-49284-13461-s-6820,1
20230303-49281-13461-s-8257,0
20230303-49281-13461-s-7737,0
20230303-49284-13461-s-6753,1
20230303-49284-13461-s-6110,0
20230303-49281-13461-s-8715,0
20230303-49284-13461-s-6160,0
20230303-49281-13461-s-7396,0
20230303-49281-13461-s-8342,0
20230303-49281-13461-s-7786,0
20230303-49284-13461-s-6745,1
20230303-49281-13461-s-8743,0
20230303-49281-13461-s-7903,0
20230303-49281-13461-s-8780,0
20230303-49281-13461-s-8718,0
20230303-49284-13461-s-6383,0
20230303-49281-13461-s-8208,0
20230303-49284-13461-s-6958,1
20230303-49281-13461-s-8023,0
20230303-49281-13461-s-7640,0
20230303-49281-13461-s-7798,0
20230303-49284-13461-s-6527,1
20230303-49281-13461-s-8641,0
20230303-49281-13461-s-8917,0
20230303-49281-13461-s-8097,0
20230303-49281-13461-s-8304,0
20230303-49281-13461-s-7865,0
20230303-49281-13461-s-7614,0
20230303-49281-13461-s-7478,0
20230303-49281-13461-s-8384,0
20230303-49284-13461-s-6273,0
20230303-49284-13461-s-6421,0
20230303-49281-13461-s-7909,0
20230303-49284-13461-s-5756,0
20230303-49284-13461-s-6518,1
20230303-49281-13461-s-7526,0
20230303-49281-13461-s-8621,0
20230303-49284-13461-s-6307,0
20230303-49284-13461-s-6867,0
20230303-49281-13461-s-7887,0
20230303-49281-13461-s-7743,0
20230303-49281-13461-s-8251,0
20230303-49284-13461-s-6664,1
20230303-49281-13461-s-8795,0
20230303-49281-13461-s-7564,0
20230303-49284-13461-s-6379,0
20230303-49281-13461-s-7953,0
20230303-49281-13461-s-7766,0
20230303-49284-13461-s-5964,0
20230303-49281-13461-s-8739,0
20230303-49281-13461-s-7538,0
20230303-49281-13461-s-8269,0
20230303-49281-13461-s-7464,0
20230303-49281-13461-s-7398,1
20230303-49281-13461-s-7755,0
20230303-49284-13461-s-6381,0
20230303-49284-13461-s-6775,1
20230303-49284-13461-s-6592,1
20230303-49281-13461-s-8309,0
20230303-49281-13461-s-8626,0
20230303-49284-13461-s-6122,0
20230303-49284-13461-s-6749,1
20230303-49284-13461-s-6690,1
20230303-49284-13461-s-6886,0
20230303-49284-13461-s-6144,0
20230303-49281-13461-s-8470,0
20230303-49284-13461-s-5745,0
20230303-49281-13461-s-7789,0
20230303-49284-13461-s-6319,0
20230303-49281-13461-s-8717,0
20230303-49284-13461-s-6344,0
20230303-49284-13461-s-6194,0
20230303-49284-13461-s-6681,1
20230303-49284-13461-s-6939,1
20230303-49281-13461-s-7609,0
20230303-49284-13461-s-6456,1
20230303-49284-13461-s-6210,0
20230303-49281-13461-s-8968,1
20230303-49281-13461-s-7399,0
20230303-49281-13461-s-8406,0
20230303-49284-13461-s-6074,0
20230303-49281-13461-s-8128,0
20230303-49281-13461-s-8619,0
20230303-49281-13461-s-7532,0
20230303-49281-13461-s-8518,0
20230303-49281-13461-s-8651,0
20230303-49284-13461-s-6180,0
20230303-49284-13461-s-6787,1
20230303-49281-13461-s-8631,0
20230303-49281-13461-s-8737,0
20230303-49284-13461-s-6581,1
20230303-49281-13461-s-8432,0
20230303-49281-13461-s-7739,0
20230303-49284-13461-s-6574,1
20230303-49284-13461-s-6375,0
20230303-49281-13461-s-8732,0
20230303-49284-13461-s-6772,1
20230303-49284-13461-s-6368,0
20230303-49281-13461-s-7853,0
20230303-49281-13461-s-8622,0
20230303-49281-13461-s-7359,0
20230303-49281-13461-s-7816,0
20230303-49281-13461-s-7976,0
20230303-49284-13461-s-6059,0
20230303-49281-13461-s-8685,0
20230303-49281-13461-s-7917,0
20230303-49281-13461-s-7856,0
20230303-49281-13461-s-8808,0
20230303-49284-13461-s-6836,1
20230303-49281-13461-s-8235,0
20230303-49284-13461-s-6819,1
20230303-49281-13461-s-8315,0
20230303-49284-13461-s-6662,1
20230303-49281-13461-s-8591,0
20230303-49281-13461-s-8660,0
20230303-49284-13461-s-6741,0
20230303-49281-13461-s-8035,0
20230303-49281-13461-s-7357,0
20230303-49281-13461-s-8197,0
20230303-49281-13461-s-8216,0
20230303-49281-13461-s-7761,0
20230303-49281-13461-s-8418,0
20230303-49284-13461-s-6687,1
20230303-49281-13461-s-8386,0
20230303-49284-13461-s-5827,0
20230303-49281-13461-s-7480,0
20230303-49281-13461-s-8889,0
20230303-49284-13461-s-6175,0
20230303-49284-13461-s-6802,1
20230303-49284-13461-s-6764,1
20230303-49281-13461-s-8449,0
20230303-49281-13461-s-7689,0
20230303-49281-13461-s-8552,0
20230303-49281-13461-s-8770,0
20230303-49281-13461-s-8676,0
20230303-49284-13461-s-6675,1
20230303-49284-13461-s-6706,1
20230303-49281-13461-s-7471,0
20230303-49281-13461-s-8614,0
20230303-49284-13461-s-6680,1
20230303-49284-13461-s-6482,1
20230303-49281-13461-s-7481,0
20230303-49281-13461-s-8811,0
20230303-49284-13461-s-6257,0
20230303-49284-13461-s-6390,1
20230303-49284-13461-s-6540,0
20230303-49284-13461-s-6080,0
20230303-49281-13461-s-7546,0
20230303-49281-13461-s-7692,0
20230303-49281-13461-s-8093,1
20230303-49281-13461-s-8509,0
20230303-49281-13461-s-8733,0
20230303-49284-13461-s-6500,1
20230303-49281-13461-s-8417,0
20230303-49284-13461-s-6813,1
20230303-49281-13461-s-8454,0
20230303-49281-13461-s-8816,0
20230303-49281-13461-s-8167,0
20230303-49281-13461-s-8248,0
20230303-49281-13461-s-7745,0
20230303-49281-13461-s-8186,0
20230303-49281-13461-s-8684,0
20230303-49284-13461-s-5872,0
20230303-49281-13461-s-7649,0
20230303-49281-13461-s-8814,0
20230303-49281-13461-s-7939,1
20230303-49281-13461-s-8267,0
20230303-49281-13461-s-8121,0
20230303-49281-13461-s-8630,0
20230303-49281-13461-s-7455,0
20230303-49284-13461-s-6859,0
20230303-49281-13461-s-8472,0
20230303-49284-13461-s-6761,1
20230303-49284-13461-s-6638,1
20230303-49284-13461-s-6810,1
20230303-49281-13461-s-7821,0
20230303-49281-13461-s-7416,0
20230303-49281-13461-s-8741,0
20230303-49281-13461-s-8426,0
20230303-49281-13461-s-7796,0
20230303-49281-13461-s-8462,0
20230303-49281-13461-s-8500,0
20230303-49281-13461-s-7593,0
20230303-49284-13461-s-6841,0
20230303-49281-13461-s-7702,0
20230303-49284-13461-s-6823,1
20230303-49281-13461-s-8754,0
20230303-49284-13461-s-6538,0
20230303-49281-13461-s-7476,1
20230303-49281-13461-s-7348,0
20230303-49281-13461-s-8461,0
20230303-49284-13461-s-6507,0
20230303-49281-13461-s-7336,0
20230303-49281-13461-s-8507,1
20230303-49284-13461-s-6883,0
20230303-49284-13461-s-6524,1
20230303-49284-13461-s-6436,0
20230303-49281-13461-s-8711,0
20230303-49281-13461-s-8789,0
20230303-49281-13461-s-8404,0
20230303-49281-13461-s-8577,0
20230303-49281-13461-s-8347,0
20230303-49284-13461-s-6201,0
20230303-49284-13461-s-6440,0
20230303-49281-13461-s-8519,0
20230303-49281-13461-s-8465,0
20230303-49281-13461-s-8450,0
20230303-49281-13461-s-8909,0
20230303-49284-13461-s-6781,1
20230303-49281-13461-s-8214,1
20230303-49284-13461-s-6073,0
20230303-49284-13461-s-6505,1
20230303-49281-13461-s-8720,0
20230303-49284-13461-s-6848,0
20230303-49281-13461-s-7852,0
20230303-49281-13461-s-7501,0
20230303-49281-13461-s-8326,0
20230303-49284-13461-s-6018,0
20230303-49281-13461-s-8027,0
20230303-49284-13461-s-6868,0
20230303-49281-13461-s-8185,1
20230303-49281-13461-s-7554,0
20230303-49281-13461-s-8030,0
20230303-49281-13461-s-8589,0
20230303-49281-13461-s-8748,0
20230303-49284-13461-s-6085,0
20230303-49281-13461-s-8039,0
20230303-49281-13461-s-8276,0
20230303-49281-13461-s-7439,0
20230303-49281-13461-s-8595,0
20230303-49281-13461-s-8817,0
20230303-49281-13461-s-8721,0
20230303-49281-13461-s-8328,0
20230303-49281-13461-s-8610,0
20230303-49284-13461-s-6580,1
20230303-49284-13461-s-6448,1
20230303-49284-13461-s-6462,0
20230303-49281-13461-s-8242,0
20230303-49281-13461-s-7683,0
20230303-49281-13461-s-7519,0
20230303-49281-13461-s-7418,0
20230303-49284-13461-s-6865,0
20230303-49281-13461-s-7678,0
20230303-49284-13461-s-6724,1
20230303-49284-13461-s-6430,0
20230303-49284-13461-s-6208,0
20230303-49284-13461-s-6417,0
20230303-49281-13461-s-8777,0
20230303-49284-13461-s-6182,0
20230303-49284-13461-s-6733,1
20230303-49284-13461-s-6701,1
20230303-49281-13461-s-8609,0
20230303-49284-13461-s-6143,0
20230303-49284-13461-s-6774,1
20230303-49281-13461-s-7867,1
20230303-49284-13461-s-6719,1
20230303-49284-13461-s-6773,1
20230303-49281-13461-s-7752,0
20230303-49281-13461-s-7885,0
20230303-49281-13461-s-8644,0
20230303-49281-13461-s-7368,0
20230303-49284-13461-s-6394,0
20230303-49281-13461-s-7512,0
20230303-49284-13461-s-6784,1
20230303-49281-13461-s-7449,0
20230303-49284-13461-s-6956,1
20230303-49281-13461-s-7488,0
20230303-49281-13461-s-8596,0
20230303-49281-13461-s-8142,0
20230303-49281-13461-s-8457,0
20230303-49281-13461-s-8303,0
20230303-49281-13461-s-8254,0
20230303-49281-13461-s-7654,0
20230303-49284-13461-s-6545,1
20230303-49281-13461-s-8459,0
20230303-49281-13461-s-8352,1
20230303-49284-13461-s-6723,1
20230303-49281-13461-s-7898,0
20230303-49281-13461-s-7696,0
20230303-49281-13461-s-8640,0
20230303-49284-13461-s-6795,1
20230303-49281-13461-s-7505,0
20230303-49281-13461-s-8398,0
20230303-49284-13461-s-6277,0
20230303-49281-13461-s-8636,0
20230303-49281-13461-s-8165,0
20230303-49284-13461-s-6135,0
20230303-49281-13461-s-7807,0
20230303-49281-13461-s-8602,0
20230303-49281-13461-s-7646,0
20230303-49284-13461-s-6682,1
20230303-49284-13461-s-6722,1
20230303-49281-13461-s-7571,0
20230303-49284-13461-s-6511,1
20230303-49281-13461-s-7598,0
20230303-49284-13461-s-6731,1
20230303-49284-13461-s-5794,0
20230303-49281-13461-s-8319,0
20230303-49281-13461-s-8516,0
20230303-49281-13461-s-8221,0
20230303-49284-13461-s-6577,1
20230303-49281-13461-s-7356,0
20230303-49284-13461-s-6857,0
20230303-49284-13461-s-6514,1
20230303-49281-13461-s-8431,1
20230303-49284-13461-s-6833,1
20230303-49281-13461-s-7748,0
20230303-49284-13461-s-6575,1
20230303-49281-13461-s-8329,0
20230303-49281-13461-s-7545,0
20230303-49281-13461-s-8735,0
20230303-49284-13461-s-6688,1
20230303-49284-13461-s-6797,1
20230303-49281-13461-s-8318,1
20230303-49281-13461-s-8617,0
20230303-49281-13461-s-7942,0
20230303-49281-13461-s-8345,0
20230303-49281-13461-s-7469,0
20230303-49281-13461-s-8749,0
20230303-49281-13461-s-8491,0
20230303-49281-13461-s-7490,1
manual,0
20230303-49284-13461-s-5958,0
20230303-49284-13461-s-5990,0
20230303-49281-13461-s-7662,0
20230303-49281-13461-s-8804,0
20230303-49281-13461-s-7831,0
20230303-49284-13461-s-5866,0
20230303-49281-13461-s-8081,0
20230303-49281-13461-s-8119,0
20230303-49281-13461-s-8556,0
20230303-49284-13461-s-6191,0
20230303-49281-13461-s-7419,0
20230303-49281-13461-s-8300,0
20230303-49281-13461-s-8151,0
20230303-49284-13461-s-5775,0
20230303-49284-13461-s-6140,0
20230303-49281-13461-s-8278,0
20230303-49281-13461-s-8069,0
20230303-49281-13461-s-7719,0
20230303-49281-13461-s-7586,0
20230303-49284-13461-s-6410,0
20230303-49284-13461-s-6601,1
20230303-49281-13461-s-8731,0
20230303-49281-13461-s-8279,0
20230303-49284-13461-s-6750,1
20230303-49281-13461-s-7676,0
20230303-49284-13461-s-6856,1
20230303-49281-13461-s-8024,0
20230303-49281-13461-s-7682,0
20230303-49284-13461-s-6742,1
20230303-49281-13461-s-8682,0
20230303-49281-13461-s-8372,0
20230303-49284-13461-s-5816,0
20230303-49281-13461-s-7991,0
20230303-49281-13461-s-8893,1
20230303-49281-13461-s-7729,0
20230303-49281-13461-s-8049,1
20230303-49281-13461-s-8661,0
20230303-49281-13461-s-7776,0
20230303-49281-13461-s-8528,0
20230303-49281-13461-s-8700,0
20230303-49281-13461-s-8434,0
20230303-49284-13461-s-6300,0
20230303-49281-13461-s-8779,0
20230303-49281-13461-s-8708,0
20230303-49281-13461-s-8390,0
20230303-49284-13461-s-5780,0
20230303-49281-13461-s-7695,0
20230303-49281-13461-s-7494,0
20230303-49284-13461-s-6114,0
20230303-49284-13461-s-6825,1
20230303-49284-13461-s-6069,0
20230303-49281-13461-s-7626,0
20230303-49281-13461-s-7374,0
20230303-49281-13461-s-8146,0
20230303-49284-13461-s-6633,1
20230303-49284-13461-s-6566,1
20230303-49281-13461-s-7409,0
20230303-49284-13461-s-6770,1
20230303-49284-13461-s-6388,0
20230303-49281-13461-s-7495,1
20230303-49284-13461-s-6369,0
20230303-49281-13461-s-8564,0
20230303-49284-13461-s-6141,0
20230303-49284-13461-s-6631,1
20230303-49284-13461-s-6879,0
20230303-49284-13461-s-6051,0
20230303-49281-13461-s-8089,0
20230303-49284-13461-s-6483,1
20230303-49281-13461-s-8540,0
20230303-49281-13461-s-7721,0
20230303-49281-13461-s-8281,1
20230303-49284-13461-s-6593,1
20230303-49281-13461-s-8526,0
20230303-49281-13461-s-7946,0
20230303-49281-13461-s-7575,0
20230303-49281-13461-s-8701,0
20230303-49284-13461-s-6821,1
20230303-49284-13461-s-6225,0
20230303-49281-13461-s-7728,0
20230303-49281-13461-s-7636,0
20230303-49281-13461-s-8337,1
20230303-49281-13461-s-8520,0
20230303-49281-13461-s-8217,1
20230303-49281-13461-s-7688,0
20230303-49281-13461-s-7643,1
20230303-49281-13461-s-7504,0
20230303-49284-13461-s-6061,0
20230303-49281-13461-s-7697,0
20230303-49281-13461-s-7401,1
20230303-49281-13461-s-8573,0
20230303-49281-13461-s-7397,0
20230303-49284-13461-s-6528,1
20230303-49281-13461-s-8593,0
20230303-49281-13461-s-7534,0
20230303-49284-13461-s-6798,1
20230303-49284-13461-s-6803,1
20230303-49281-13461-s-7563,0
20230303-49281-13461-s-8942,1
20230303-49281-13461-s-8652,0
20230303-49284-13461-s-6717,1
20230303-49284-13461-s-6829,1
20230303-49284-13461-s-7710,0
20230303-49284-13461-s-6708,1
20230303-49284-13461-s-6705,1
20230303-49284-13461-s-6214,0
20230303-49281-13461-s-8234,1
20230303-49281-13461-s-8003,0
20230303-49281-13461-s-7859,0
20230303-49281-13461-s-8675,0
20230303-49284-13461-s-6212,0
20230303-49281-13461-s-8776,0
20230303-49284-13461-s-5810,0
20230303-49281-13461-s-7847,0
20230303-49281-13461-s-7457,0
20230303-49281-13461-s-8722,0
20230303-49281-13461-s-8191,0
20230303-49284-13461-s-6689,1
20230303-49281-13461-s-8502,0
20230303-49281-13461-s-8967,0
20230303-49284-13461-s-6832,1
20230303-49281-13461-s-7994,0
20230303-49281-13461-s-8534,0
20230303-49281-13461-s-8897,1
20230303-49284-13461-s-6768,1
20230303-49284-13461-s-6576,1
20230303-49284-13461-s-6522,1
20230303-49284-13461-s-5747,0
20230303-49281-13461-s-7502,0
20230303-49281-13461-s-8501,0
20230303-49284-13461-s-5726,0
20230303-49281-13461-s-7421,0
20230303-49281-13461-s-7967,0
20230303-49281-13461-s-8244,0
20230303-49281-13461-s-7873,0
20230303-49284-13461-s-6320,0
20230303-49281-13461-s-8544,0
20230303-49284-13461-s-5776,0
20230303-49284-13461-s-6874,0
20230303-49284-13461-s-5854,0
20230303-49281-13461-s-8445,0
20230303-49281-13461-s-8312,0
20230303-49284-13461-s-6850,0
20230303-49281-13461-s-8324,0
20230303-49281-13461-s-7578,0
20230303-49281-13461-s-8000,0
20230303-49281-13461-s-7572,0
20230303-49281-13461-s-8040,0
20230303-49281-13461-s-8902,1
20230303-49281-13461-s-8292,1
20230303-49281-13461-s-8255,0
20230303-49281-13461-s-8237,0
20230303-49284-13461-s-6630,1
20230303-49281-13461-s-8305,0
20230303-49281-13461-s-7780,0
20230303-49281-13461-s-7385,0
20230303-49284-13461-s-6559,1
20230303-49281-13461-s-8322,0
20230303-49284-13461-s-6269,0
20230303-49284-13461-s-6840,1
20230303-49281-13461-s-8052,0
20230303-49281-13461-s-8369,0
20230303-49281-13461-s-7456,0
20230303-49281-13461-s-7516,0
20230303-49281-13461-s-8765,0
20230303-49281-13461-s-7458,0
20230303-49281-13461-s-8424,1
20230303-49281-13461-s-8401,0
20230303-49284-13461-s-6667,1
20230303-49281-13461-s-8908,0
20230303-49281-13461-s-7510,0
20230303-49281-13461-s-7699,0
20230303-49284-13461-s-5671,0
20230303-49281-13461-s-7839,0
20230303-49284-13461-s-6779,0
20230303-49284-13461-s-6252,0
20230303-49281-13461-s-8029,1
20230303-49284-13461-s-6625,1
20230303-49281-13461-s-8105,1
20230303-49281-13461-s-8273,1
20230303-49284-13461-s-5981,0
20230303-49281-13461-s-7665,0
20230303-49281-13461-s-7935,0
20230303-49284-13461-s-6830,1
20230303-49281-13461-s-7905,0
20230303-49284-13461-s-6728,1
20230303-49284-13461-s-6308,0
20230303-49284-13461-s-6641,1
20230303-49284-13461-s-6475,0
20230303-49284-13461-s-6295,0
20230303-49281-13461-s-8153,0
20230303-49281-13461-s-7523,0
20230303-49284-13461-s-6062,0
20230303-49281-13461-s-8493,0
20230303-49281-13461-s-7650,0
20230303-49284-13461-s-6776,1
20230303-49281-13461-s-8004,0
20230303-49281-13461-s-8198,0
20230303-49284-13461-s-6565,0
20230303-49281-13461-s-8149,0
20230303-49284-13461-s-6298,0
20230303-49284-13461-s-6546,1
20230303-49284-13461-s-6881,0
20230303-49281-13461-s-7485,0
20230303-49281-13461-s-8282,0
20230303-49281-13461-s-8620,0
20230303-49284-13461-s-5870,0
20230303-49281-13461-s-8298,1
20230303-49284-13461-s-6443,1
20230303-49281-13461-s-8508,0
20230303-49284-13461-s-5749,0
20230303-49284-13461-s-6789,1
20230303-49281-13461-s-7427,0
20230303-49284-13461-s-6490,1
20230303-49284-13461-s-6716,1
20230303-49281-13461-s-7606,1
20230303-49281-13461-s-8222,0
20230303-49281-13461-s-8379,0
20230303-49281-13461-s-8590,0
20230303-49281-13461-s-7791,0
20230303-49281-13461-s-7540,0
20230303-49281-13461-s-8225,0
20230303-49284-13461-s-6416,0
20230303-49281-13461-s-8367,0
20230303-49281-13461-s-8561,0
20230303-49281-13461-s-8452,0
20230303-49281-13461-s-8277,1
20230303-49281-13461-s-7459,1
20230303-49281-13461-s-8638,0
20230303-49281-13461-s-8517,0
20230303-49284-13461-s-6374,0
20230303-49281-13461-s-8212,0
20230303-49281-13461-s-8008,0
20230303-49281-13461-s-8895,1
20230303-49284-13461-s-6702,1
20230303-49281-13461-s-8671,0
20230303-49281-13461-s-7997,0
20230303-49281-13461-s-8088,0
20230303-49284-13461-s-6147,0
20230303-49281-13461-s-8539,0
20230303-49281-13461-s-7906,0
20230303-49281-13461-s-8362,1
20230303-49281-13461-s-8773,0
20230303-49284-13461-s-6645,1
20230303-49284-13461-s-5712,0
20230303-49284-13461-s-5861,0
20230303-49281-13461-s-7451,0
20230303-49284-13461-s-5985,0
20230303-49281-13461-s-7790,0
20230303-49281-13461-s-7959,0
20230303-49281-13461-s-8677,0
20230303-49281-13461-s-8427,0
20230303-49284-13461-s-5822,0
20230303-49281-13461-s-7422,0
20230303-49281-13461-s-8334,0
20230303-49281-13461-s-7362,1
20230303-49284-13461-s-6230,0
20230303-49281-13461-s-7769,0
20230303-49284-13461-s-6467,1
20230303-49281-13461-s-8627,0
20230303-49281-13461-s-7594,0
20230303-49284-13461-s-6734,1
20230303-49281-13461-s-8220,0
20230303-49284-13461-s-6251,0
20230303-49281-13461-s-8084,1
20230303-49281-13461-s-7980,0
20230303-49281-13461-s-8727,0
20230303-49281-13461-s-8258,0
20230303-49281-13461-s-8435,0
20230303-49284-13461-s-6622,1
20230303-49281-13461-s-7850,0
20230303-49284-13461-s-6260,0
20230303-49281-13461-s-7639,0
20230303-49281-13461-s-7685,0
20230303-49281-13461-s-7641,0
20230303-49281-13461-s-7794,0
20230303-49281-13461-s-8726,0
20230303-49281-13461-s-7658,0
20230303-49284-13461-s-6324,0
20230303-49281-13461-s-7620,1
20230303-49281-13461-s-8583,0
20230303-49281-13461-s-8016,0
20230303-49281-13461-s-8439,0
20230303-49284-13461-s-6957,1
20230303-49281-13461-s-7645,0
20230303-49281-13461-s-7781,0
20230303-49281-13461-s-8486,0
20230303-49281-13461-s-7754,0
20230303-49281-13461-s-7973,0
20230303-49284-13461-s-6563,1
20230303-49281-13461-s-7795,0
20230303-49281-13461-s-7927,0
20230303-49284-13461-s-5721,0
20230303-49281-13461-s-7624,0
20230303-49284-13461-s-6767,1
20230303-49281-13461-s-7894,0
20230303-49281-13461-s-7864,0
20230303-49281-13461-s-8475,0
20230303-49281-13461-s-7577,0
20230303-49281-13461-s-7388,0
20230303-49281-13461-s-8803,0
20230303-49281-13461-s-7354,0
20230303-49284-13461-s-5771,0
20230303-49281-13461-s-8551,0
20230303-49281-13461-s-7379,0
20230303-49284-13461-s-6102,0
20230303-49284-13461-s-6189,1
20230303-49281-13461-s-8299,0
20230303-49281-13461-s-8358,0
20230303-49281-13461-s-8523,0
20230303-49281-13461-s-7857,0
20230303-49284-13461-s-6195,0
20230303-49284-13461-s-6685,1
20230303-49281-13461-s-8283,0
20230303-49281-13461-s-8455,0
20230303-49281-13461-s-7705,0
20230303-49284-13461-s-6846,0
20230303-49281-13461-s-8719,0
20230303-49284-13461-s-6449,0
20230303-49284-13461-s-6341,0
20230303-49281-13461-s-7562,0
20230303-49281-13461-s-8788,0
20230303-49281-13461-s-8543,0
20230303-49281-13461-s-8325,0
20230303-49284-13461-s-6635,1
20230303-49284-13461-s-6814,1
20230303-49281-13461-s-7961,0
20230303-49281-13461-s-7386,0
20230303-49281-13461-s-8569,0
20230303-49284-13461-s-6959,1
20230303-49281-13461-s-7355,0
20230303-49284-13461-s-6870,0
20230303-49281-13461-s-8786,0
20230303-49281-13461-s-7483,0
20230303-49281-13461-s-7482,0
20230303-49284-13461-s-6744,1
20230303-49281-13461-s-7687,0
20230303-49281-13461-s-7566,0
20230303-49281-13461-s-7542,0
20230303-49284-13461-s-6067,0
20230303-49281-13461-s-8532,0
20230303-49281-13461-s-8041,1
20230303-49284-13461-s-6815,1
20230303-49281-13461-s-7723,0
20230303-49281-13461-s-8399,0
20230303-49281-13461-s-7879,0
20230303-49281-13461-s-8270,0
20230303-49281-13461-s-7648,0
20230303-49284-13461-s-6709,1
20230303-49281-13461-s-8686,0
20230303-49281-13461-s-8031,0
20230303-49284-13461-s-6164,0
20230303-49284-13461-s-6739,1
20230303-49281-13461-s-8756,0
20230303-49281-13461-s-7700,0
20230303-49281-13461-s-7868,0
20230303-49284-13461-s-6217,0
20230303-49281-13461-s-8080,0
20230303-49281-13461-s-7706,0
20230303-49284-13461-s-5885,0
20230303-49284-13461-s-6111,0
20230303-49284-13461-s-6352,0
20230303-49281-13461-s-7432,0
20230303-49281-13461-s-8559,0
20230303-49281-13461-s-7346,0
20230303-49284-13461-s-6755,1
20230303-49284-13461-s-6237,0
20230303-49284-13461-s-6737,1
20230303-49281-13461-s-7815,0
20230303-49281-13461-s-8570,0
20230303-49284-13461-s-5654,0
20230303-49284-13461-s-6834,1
20230303-49284-13461-s-6124,0
20230303-49281-13461-s-8456,0
20230303-49281-13461-s-8485,0
20230303-49281-13461-s-8394,0
20230303-49281-13461-s-7408,0
20230303-49284-13461-s-6048,0
20230303-49281-13461-s-8078,0
20230303-49284-13461-s-6812,1
20230303-49284-13461-s-6372,0
20230303-49284-13461-s-5674,0
20230303-49281-13461-s-8603,0
20230303-49281-13461-s-7948,0
20230303-49281-13461-s-8387,0
20230303-49281-13461-s-7910,1
20230303-49284-13461-s-6055,0
20230303-49284-13461-s-6120,0
20230303-49281-13461-s-8576,0
20230303-49281-13461-s-7424,0
20230303-49281-13461-s-7826,0
20230303-49281-13461-s-7889,0
20230303-49281-13461-s-7888,0
20230303-49281-13461-s-8796,0
20230303-49281-13461-s-8009,0
20230303-49284-13461-s-5677,0
20230303-49281-13461-s-7443,0
20230303-49284-13461-s-5832,0
20230303-49284-13461-s-6063,1
20230303-49281-13461-s-7802,0
20230303-49281-13461-s-8966,0
20230303-49281-13461-s-7466,0
20230303-49284-13461-s-6862,0
20230303-49281-13461-s-8380,0
20230303-49281-13461-s-7375,0
20230303-49281-13461-s-8228,0
20230303-49281-13461-s-8504,0
20230303-49284-13461-s-7708,0
20230303-49281-13461-s-7686,0
20230303-49284-13461-s-6663,1
20230303-49284-13461-s-6502,1
20230303-49281-13461-s-7583,0
20230303-49284-13461-s-6435,0
20230303-49281-13461-s-7391,0
20230303-49284-13461-s-6710,1
20230303-49281-13461-s-8529,0
20230303-49281-13461-s-8144,0
20230303-49281-13461-s-7588,0
20230303-49281-13461-s-8702,0
20230303-49281-13461-s-8429,0
20230303-49281-13461-s-8604,0
20230303-49281-13461-s-8713,0
20230303-49281-13461-s-8410,0
20230303-49284-13461-s-6852,0
20230303-49281-13461-s-8109,0
20230303-49281-13461-s-8353,0
20230303-49281-13461-s-7830,0
20230303-49284-13461-s-6598,1
20230303-49281-13461-s-7733,0
20230303-49281-13461-s-8699,0
20230303-49284-13461-s-6561,1
20230303-49281-13461-s-8361,0
20230303-49281-13461-s-8514,0
20230303-49284-13461-s-6684,1
20230303-49281-13461-s-7625,0
20230303-49281-13461-s-7584,0
20230303-49281-13461-s-8388,0
20230303-49284-13461-s-6632,1
20230303-49284-13461-s-6691,1
20230303-49281-13461-s-8363,0
20230303-49284-13461-s-6351,0
20230303-49284-13461-s-6721,1
20230303-49281-13461-s-8959,0
20230303-49281-13461-s-8709,0
20230303-49281-13461-s-8662,0
20230303-49281-13461-s-8601,0
20230303-49281-13461-s-8178,0
