s_fid,true_label,pred_prob,pred_label
20230303-49281-13461-s-7542,0,0.0679,0
20230303-49281-13461-s-7544,0,0.0353,0
20230303-49281-13461-s-7563,0,0.0747,0
20230303-49281-13461-s-7565,0,0.0632,0
20230303-49281-13461-s-7567,0,0.0623,0
20230303-49281-13461-s-7575,0,0.0298,0
20230303-49281-13461-s-7585,0,0.0609,0
20230303-49281-13461-s-7599,0,0.0577,0
20230303-49281-13461-s-7607,1,0.2294,0
20230303-49281-13461-s-7632,0,0.0202,0
20230303-49281-13461-s-7636,0,0.1083,0
20230303-49281-13461-s-7699,0,0.0669,0
20230303-49281-13461-s-7629,0,0.1638,0
20230303-49281-13461-s-7547,0,0.127,0
20230303-49281-13461-s-7660,0,0.0827,0
20230303-49281-13461-s-7627,0,0.041,0
20230303-49281-13461-s-7548,0,0.0794,0
20230303-49281-13461-s-7569,0,0.1653,0
20230303-49281-13461-s-7718,0,0.0652,0
20230303-49281-13461-s-7446,0,0.0311,0
20230303-49281-13461-s-7373,0,0.2836,0
20230303-49281-13461-s-7497,0,0.0157,0
20230303-49281-13461-s-7403,0,0.0103,0
20230303-49281-13461-s-7450,0,0.0201,0
20230303-49281-13461-s-7370,0,0.0679,0
20230303-49281-13461-s-7405,0,0.0215,0
manual,0,0.1094,0
20230303-49281-13461-s-7488,0,0.0158,0
20230303-49281-13461-s-7402,0,0.0646,0
20230303-49281-13461-s-7377,0,0.074,0
20230303-49281-13461-s-8966,0,0.0161,0
20230303-49281-13461-s-7376,0,0.0427,0
20230303-49281-13461-s-7367,0,0.2066,0
20230303-49281-13461-s-7350,0,0.0456,0
20230303-49281-13461-s-7469,0,0.0713,0
20230303-49281-13461-s-7413,0,0.1983,0
20230303-49281-13461-s-7439,0,0.2115,0
20230303-49281-13461-s-7456,0,0.0875,0
20230303-49281-13461-s-7483,0,0.0622,0
20230303-49281-13461-s-7464,0,0.0813,0
20230303-49281-13461-s-7336,0,0.0291,0
20230303-49281-13461-s-7474,0,0.0129,0
20230303-49281-13461-s-7401,1,0.5812,1
20230303-49281-13461-s-7436,0,0.1278,0
20230303-49281-13461-s-7424,0,0.0856,0
20230303-49281-13461-s-7395,0,0.0661,0
20230303-49281-13461-s-7485,0,0.074,0
20230303-49281-13461-s-7789,0,0.0644,0
20230303-49281-13461-s-7836,0,0.0367,0
20230303-49281-13461-s-7875,0,0.0381,0
20230303-49281-13461-s-7821,0,0.0573,0
20230303-49281-13461-s-7838,0,0.0251,0
20230303-49281-13461-s-7930,0,0.1232,0
20230303-49281-13461-s-7788,0,0.0657,0
20230303-49281-13461-s-7948,0,0.2959,0
20230303-49281-13461-s-7869,0,0.1316,0
20230303-49281-13461-s-7904,0,0.0815,0
20230303-49281-13461-s-7777,0,0.0553,0
20230303-49281-13461-s-8037,0,0.0746,0
20230303-49281-13461-s-7820,0,0.0555,0
20230303-49281-13461-s-7797,0,0.075,0
20230303-49281-13461-s-7839,0,0.1945,0
20230303-49281-13461-s-7864,0,0.6119,1
20230303-49281-13461-s-7856,0,0.1224,0
20230303-49281-13461-s-7790,0,0.1148,0
20230303-49281-13461-s-7862,0,0.04,0
20230303-49281-13461-s-8025,1,0.5671,1
20230303-49281-13461-s-7902,0,0.1249,0
20230303-49281-13461-s-7887,0,0.0843,0
20230303-49281-13461-s-7554,0,0.1199,0
20230303-49281-13461-s-7597,0,0.2147,0
20230303-49281-13461-s-7602,0,0.1392,0
20230303-49281-13461-s-7663,0,0.145,0
20230303-49281-13461-s-7676,0,0.2018,0
20230303-49281-13461-s-7712,0,0.068,0
20230303-49281-13461-s-7717,0,0.0866,0
20230303-49281-13461-s-7724,0,0.0255,0
20230303-49281-13461-s-7725,0,0.0301,0
20230303-49281-13461-s-7730,0,0.0113,0
20230303-49281-13461-s-7739,0,0.0738,0
20230303-49281-13461-s-7740,0,0.0121,0
20230303-49281-13461-s-7741,1,0.0783,0
20230303-49281-13461-s-7745,0,0.0492,0
20230303-49281-13461-s-7756,0,0.3043,0
20230303-49281-13461-s-7754,0,0.0333,0
20230303-49281-13461-s-7758,0,0.1566,0
20230303-49281-13461-s-7781,0,0.1233,0
20230303-49281-13461-s-7784,0,0.2739,0
20230303-49281-13461-s-7795,0,0.0277,0
20230303-49281-13461-s-7794,0,0.1663,0
20230303-49281-13461-s-7809,0,0.012,0
20230303-49281-13461-s-7808,0,0.0902,0
20230303-49281-13461-s-7813,0,0.0215,0
20230303-49281-13461-s-7816,0,0.0169,0
20230303-49281-13461-s-7815,0,0.0406,0
20230303-49281-13461-s-7832,0,0.0148,0
20230303-49281-13461-s-7833,0,0.069,0
20230303-49281-13461-s-7843,0,0.0136,0
20230303-49281-13461-s-8956,0,0.5058,1
20230303-49281-13461-s-7881,0,0.2811,0
20230303-49281-13461-s-7897,0,0.2966,0
20230303-49281-13461-s-7931,0,0.3583,0
20230303-49281-13461-s-7938,0,0.1045,0
20230303-49281-13461-s-7945,0,0.4031,0
20230303-49281-13461-s-7951,0,0.2698,0
20230303-49281-13461-s-7953,0,0.0273,0
20230303-49281-13461-s-7976,0,0.4482,0
20230303-49281-13461-s-7997,0,0.0672,0
20230303-49281-13461-s-8957,0,0.1669,0
20230303-49281-13461-s-8114,0,0.1579,0
20230303-49281-13461-s-7814,0,0.0511,0
20230303-49281-13461-s-7854,1,0.4148,0
20230303-49281-13461-s-7959,0,0.0968,0
20230303-49281-13461-s-7830,0,0.1566,0
20230303-49281-13461-s-7926,0,0.1596,0
20230303-49281-13461-s-7799,0,0.029,0
20230303-49281-13461-s-7906,0,0.1123,0
20230303-49281-13461-s-7840,0,0.1144,0
20230303-49281-13461-s-8163,0,0.1952,0
20230303-49281-13461-s-8179,0,0.2567,0
20230303-49281-13461-s-8185,1,0.1028,0
20230303-49281-13461-s-8218,0,0.0166,0
20230303-49281-13461-s-8224,1,0.0878,0
20230303-49281-13461-s-8227,0,0.0037,0
20230303-49281-13461-s-8230,0,0.1264,0
20230303-49281-13461-s-8234,1,0.2635,0
20230303-49281-13461-s-8236,0,0.2036,0
20230303-49281-13461-s-8238,0,0.4707,0
20230303-49281-13461-s-8361,0,0.2808,0
20230303-49281-13461-s-8945,0,0.3531,0
20230303-49281-13461-s-8395,0,0.0482,0
20230303-49281-13461-s-8396,1,0.3478,0
20230303-49281-13461-s-8444,0,0.0871,0
20230303-49281-13461-s-8173,1,0.2512,0
20230303-49281-13461-s-8217,1,0.1574,0
20230303-49281-13461-s-8249,0,0.1372,0
20230303-49281-13461-s-8208,0,0.0323,0
20230303-49281-13461-s-8383,0,0.0794,0
20230303-49281-13461-s-8212,0,0.0455,0
20230303-49281-13461-s-8382,0,0.2378,0
20230303-49281-13461-s-8248,0,0.0143,0
20230303-49281-13461-s-8250,0,0.0805,0
20230303-49281-13461-s-8386,0,0.06,0
20230303-49281-13461-s-8198,0,0.4552,0
20230303-49281-13461-s-8805,0,0.2744,0
20230303-49281-13461-s-8729,0,0.3273,0
20230303-49281-13461-s-8746,0,0.4512,0
20230303-49281-13461-s-8777,0,0.2412,0
20230303-49281-13461-s-8714,0,0.1543,0
20230303-49281-13461-s-8673,0,0.1602,0
20230303-49281-13461-s-8796,0,0.1464,0
20230303-49281-13461-s-8456,0,0.3331,0
20230303-49281-13461-s-8465,0,0.1363,0
20230303-49281-13461-s-8480,0,0.0885,0
20230303-49281-13461-s-8706,0,0.1095,0
20230303-49281-13461-s-8720,0,0.0236,0
20230303-49281-13461-s-8789,0,0.6635,1
20230303-49281-13461-s-8774,0,0.4776,0
20230303-49281-13461-s-8808,0,0.0211,0
20230303-49281-13461-s-8795,0,0.159,0
20230303-49281-13461-s-8803,0,0.1978,0
20230303-49281-13461-s-8759,0,0.0817,0
20230303-49281-13461-s-8733,0,0.4784,0
20230303-49281-13461-s-8697,0,0.1012,0
20230303-49281-13461-s-8608,0,0.2924,0
20230303-49281-13461-s-8781,0,0.1871,0
20230303-49281-13461-s-8662,0,0.1381,0
20230303-49281-13461-s-8686,0,0.1688,0
20230303-49281-13461-s-8799,0,0.3145,0
20230303-49281-13461-s-8587,0,0.4551,0
20230303-49281-13461-s-8757,0,0.3007,0
20230303-49281-13461-s-7433,0,0.0966,0
20230303-49281-13461-s-7410,0,0.0343,0
20230303-49281-13461-s-7457,0,0.1805,0
20230303-49281-13461-s-7419,0,0.061,0
20230303-49281-13461-s-7431,0,0.022,0
20230303-49281-13461-s-7359,0,0.038,0
20230303-49281-13461-s-7360,0,0.009,0
20230303-49281-13461-s-7452,1,0.4612,0
20230303-49281-13461-s-7486,0,0.0741,0
20230303-49281-13461-s-7598,0,0.0127,0
20230303-49281-13461-s-7624,0,0.0152,0
20230303-49281-13461-s-7517,0,0.0812,0
20230303-49281-13461-s-7643,1,0.1752,0
20230303-49281-13461-s-7538,0,0.0475,0
20230303-49281-13461-s-7609,0,0.0763,0
20230303-49281-13461-s-7375,0,0.0107,0
20230303-49281-13461-s-7528,0,0.1008,0
20230303-49281-13461-s-7524,0,0.0227,0
20230303-49281-13461-s-7584,0,0.0185,0
20230303-49281-13461-s-7512,0,0.0181,0
20230303-49281-13461-s-7592,0,0.1182,0
20230303-49281-13461-s-7453,0,0.0467,0
20230303-49281-13461-s-7611,0,0.0474,0
20230303-49281-13461-s-7550,0,0.0732,0
20230303-49281-13461-s-7411,0,0.722,1
20230303-49281-13461-s-7685,0,0.044,0
20230303-49281-13461-s-7482,0,0.062,0
20230303-49281-13461-s-7399,0,0.2012,0
20230303-49281-13461-s-7604,0,0.0142,0
20230303-49281-13461-s-7637,0,0.1121,0
20230303-49281-13461-s-8291,0,0.5786,1
20230303-49281-13461-s-8323,0,0.1575,0
20230303-49281-13461-s-8274,0,0.0483,0
20230303-49281-13461-s-8358,0,0.2018,0
20230303-49281-13461-s-8319,0,0.4807,0
20230303-49281-13461-s-8309,0,0.1732,0
20230303-49281-13461-s-8354,0,0.1169,0
20230303-49281-13461-s-8377,0,0.0733,0
20230303-49281-13461-s-8345,0,0.0431,0
20230303-49281-13461-s-8376,0,0.0338,0
20230303-49281-13461-s-8298,1,0.2094,0
20230303-49281-13461-s-8342,0,0.1809,0
20230303-49281-13461-s-8363,0,0.1619,0
20230303-49281-13461-s-8333,0,0.0608,0
20230303-49281-13461-s-8352,1,0.076,0
20230303-49281-13461-s-8295,0,0.057,0
20230303-49281-13461-s-8281,1,0.475,0
20230303-49281-13461-s-8284,0,0.2705,0
20230303-49281-13461-s-8314,0,0.0462,0
20230303-49281-13461-s-8337,1,0.2094,0
20230303-49281-13461-s-8275,1,0.5651,1
20230303-49281-13461-s-8283,0,0.356,0
20230303-49281-13461-s-8362,1,0.0335,0
20230303-49281-13461-s-8308,0,0.0792,0
20230303-49281-13461-s-8280,0,0.1381,0
20230303-49281-13461-s-8357,1,0.1487,0
20230303-49281-13461-s-8326,0,0.4792,0
20230303-49281-13461-s-8365,0,0.0157,0
20230303-49281-13461-s-8340,0,0.061,0
20230303-49281-13461-s-8435,0,0.1042,0
20230303-49281-13461-s-8485,0,0.3213,0
20230303-49281-13461-s-8575,0,0.1078,0
20230303-49281-13461-s-8569,0,0.0139,0
20230303-49281-13461-s-8583,0,0.158,0
20230303-49281-13461-s-8446,0,0.111,0
20230303-49281-13461-s-8466,0,0.2904,0
20230303-49281-13461-s-8620,0,0.1166,0
20230303-49281-13461-s-8520,0,0.0575,0
20230303-49281-13461-s-8488,0,0.2709,0
20230303-49281-13461-s-8576,0,0.2926,0
20230303-49281-13461-s-8506,0,0.0525,0
20230303-49281-13461-s-8636,0,0.1541,0
20230303-49281-13461-s-8418,0,0.1189,0
20230303-49281-13461-s-8512,0,0.3137,0
20230303-49281-13461-s-8607,0,0.2085,0
20230303-49281-13461-s-8560,0,0.0644,0
20230303-49281-13461-s-8540,0,0.1308,0
20230303-49281-13461-s-8434,0,0.2921,0
20230303-49281-13461-s-8527,0,0.1326,0
20230303-49281-13461-s-8433,0,0.1953,0
20230303-49281-13461-s-8471,0,0.103,0
20230303-49281-13461-s-8420,0,0.1586,0
20230303-49281-13461-s-8603,0,0.0719,0
20230303-49281-13461-s-8533,0,0.0902,0
20230303-49281-13461-s-8702,0,0.112,0
20230303-49281-13461-s-8790,0,0.3842,0
20230303-49281-13461-s-8724,0,0.2508,0
20230303-49281-13461-s-8775,0,0.1576,0
20230303-49281-13461-s-8758,0,0.0608,0
20230303-49281-13461-s-8711,0,0.0453,0
20230303-49281-13461-s-8723,0,0.0794,0
20230303-49281-13461-s-8709,0,0.0707,0
20230303-49281-13461-s-8719,0,0.1257,0
20230303-49281-13461-s-8695,0,0.3559,0
20230303-49281-13461-s-8710,0,0.0835,0
20230303-49281-13461-s-8683,0,0.0408,0
20230303-49281-13461-s-8786,0,0.3072,0
20230303-49281-13461-s-8699,0,0.0698,0
20230303-49281-13461-s-8767,0,0.5082,1
20230303-49281-13461-s-8685,0,0.0772,0
20230303-49281-13461-s-8755,0,0.3052,0
20230303-49281-13461-s-8740,0,0.0371,0
20230303-49281-13461-s-8722,0,0.0994,0
20230303-49281-13461-s-8776,0,0.2643,0
20230303-49281-13461-s-7763,0,0.1076,0
20230303-49281-13461-s-7769,0,0.111,0
20230303-49281-13461-s-7768,0,0.0263,0
20230303-49281-13461-s-7773,0,0.0784,0
20230303-49281-13461-s-7775,0,0.0671,0
20230303-49281-13461-s-7782,0,0.0369,0
20230303-49281-13461-s-7793,0,0.1316,0
20230303-49281-13461-s-7798,0,0.0835,0
20230303-49281-13461-s-7807,0,0.2756,0
20230303-49281-13461-s-7812,0,0.0244,0
20230303-49281-13461-s-7831,0,0.1422,0
20230303-49281-13461-s-7857,0,0.0192,0
20230303-49281-13461-s-7867,1,0.3795,0
20230303-49281-13461-s-7882,0,0.3701,0
20230303-49281-13461-s-7888,0,0.326,0
20230303-49281-13461-s-7891,0,0.1178,0
20230303-49281-13461-s-7905,0,0.0821,0
20230303-49281-13461-s-7909,0,0.0262,0
20230303-49281-13461-s-7917,0,0.0241,0
20230303-49281-13461-s-7920,0,0.0162,0
20230303-49281-13461-s-7944,0,0.3771,0
20230303-49281-13461-s-7950,1,0.878,1
20230303-49281-13461-s-7952,0,0.0901,0
20230303-49281-13461-s-7970,0,0.1862,0
20230303-49281-13461-s-7974,0,0.2196,0
20230303-49281-13461-s-7981,0,0.1437,0
20230303-49281-13461-s-7923,0,0.0239,0
20230303-49281-13461-s-7940,0,0.1317,0
20230303-49281-13461-s-7895,0,0.1329,0
20230303-49281-13461-s-7785,0,0.0705,0
20230303-49281-13461-s-8517,0,0.0962,0
20230303-49281-13461-s-8600,0,0.1038,0
20230303-49281-13461-s-8625,0,0.1379,0
20230303-49281-13461-s-8429,0,0.3024,0
20230303-49281-13461-s-8589,0,0.2738,0
20230303-49281-13461-s-8479,0,0.0203,0
20230303-49281-13461-s-8401,0,0.2102,0
20230303-49281-13461-s-8455,0,0.2128,0
20230303-49281-13461-s-8422,0,0.1917,0
20230303-49281-13461-s-8601,0,0.1275,0
20230303-49281-13461-s-8958,0,0.5408,1
20230303-49281-13461-s-8473,0,0.1835,0
20230303-49281-13461-s-8448,0,0.1393,0
20230303-49281-13461-s-8469,0,0.1091,0
20230303-49281-13461-s-8447,0,0.2903,0
20230303-49281-13461-s-8441,1,0.3593,0
20230303-49281-13461-s-8959,0,0.2529,0
20230303-49281-13461-s-8410,0,0.0701,0
20230303-49281-13461-s-8423,0,0.0813,0
20230303-49281-13461-s-8407,0,0.0385,0
20230303-49281-13461-s-8442,0,0.0267,0
20230303-49281-13461-s-8611,0,0.0673,0
20230303-49281-13461-s-8424,1,0.121,0
20230303-49281-13461-s-8495,0,0.3008,0
20230303-49281-13461-s-8475,0,0.1791,0
20230303-49281-13461-s-8431,1,0.3,0
20230303-49281-13461-s-8529,0,0.0341,0
20230303-49281-13461-s-8525,0,0.1358,0
20230303-49281-13461-s-8414,0,0.0491,0
20230303-49281-13461-s-8593,0,0.2252,0
20230303-49281-13461-s-8640,0,0.525,1
20230303-49281-13461-s-8408,0,0.4198,0
20230303-49281-13461-s-8555,0,0.1704,0
20230303-49281-13461-s-8624,0,0.1426,0
20230303-49281-13461-s-8549,0,0.2195,0
20230303-49281-13461-s-8425,0,0.2352,0
20230303-49281-13461-s-8402,0,0.0625,0
20230303-49281-13461-s-8634,0,0.2916,0
20230303-49281-13461-s-8481,0,0.2223,0
20230303-49281-13461-s-8460,0,0.3969,0
20230303-49281-13461-s-8630,0,0.0868,0
20230303-49281-13461-s-8419,0,0.4475,0
20230303-49281-13461-s-7568,0,0.083,0
20230303-49281-13461-s-7371,0,0.0154,0
20230303-49281-13461-s-7557,0,0.0925,0
20230303-49281-13461-s-7471,0,0.0678,0
20230303-49281-13461-s-7523,0,0.0429,0
20230303-49281-13461-s-7721,0,0.0202,0
20230303-49281-13461-s-7348,0,0.1739,0
20230303-49281-13461-s-7519,0,0.116,0
20230303-49281-13461-s-7600,0,0.056,0
20230303-49281-13461-s-7648,0,0.0382,0
20230303-49281-13461-s-7683,0,0.0585,0
20230303-49281-13461-s-7601,0,0.0706,0
20230303-49281-13461-s-7382,0,0.036,0
20230303-49281-13461-s-7646,0,0.1,0
20230303-49281-13461-s-7702,0,0.0099,0
20230303-49281-13461-s-7522,0,0.0135,0
20230303-49281-13461-s-7494,0,0.0526,0
20230303-49281-13461-s-7615,0,0.087,0
20230303-49281-13461-s-7590,0,0.0701,0
20230303-49281-13461-s-7625,0,0.0741,0
20230303-49281-13461-s-7671,0,0.0344,0
20230303-49281-13461-s-7693,0,0.0068,0
20230303-49281-13461-s-7620,1,0.1063,0
20230303-49281-13461-s-8718,0,0.1002,0
20230303-49281-13461-s-8707,0,0.0952,0
20230303-49281-13461-s-8749,0,0.3254,0
20230303-49281-13461-s-8736,0,0.2097,0
20230303-49281-13461-s-8737,0,0.1246,0
20230303-49281-13461-s-8704,0,0.1717,0
20230303-49281-13461-s-8783,0,0.4169,0
20230303-49281-13461-s-8732,0,0.0193,0
20230303-49281-13461-s-8764,0,0.1328,0
20230303-49281-13461-s-8698,0,0.0735,0
20230303-49281-13461-s-8756,0,0.4186,0
20230303-49281-13461-s-8680,0,0.2086,0
20230303-49281-13461-s-8819,0,0.097,0
20230303-49281-13461-s-8741,0,0.1456,0
20230303-49281-13461-s-8689,0,0.2892,0
20230303-49281-13461-s-8716,0,0.1595,0
20230303-49281-13461-s-8681,0,0.1514,0
20230303-49281-13461-s-8828,0,0.0163,0
20230303-49281-13461-s-8705,0,0.1685,0
20230303-49281-13461-s-8760,0,0.0186,0
20230303-49281-13461-s-8773,0,0.0753,0
20230303-49281-13461-s-8798,0,0.0271,0
20230303-49281-13461-s-8692,0,0.2643,0
20230303-49281-13461-s-8811,0,0.0281,0
20230303-49281-13461-s-8748,0,0.0354,0
20230303-49281-13461-s-8784,0,0.1461,0
20230303-49281-13461-s-8739,0,0.1267,0
20230303-49281-13461-s-8809,0,0.152,0
20230303-49281-13461-s-8727,0,0.0207,0
20230303-49281-13461-s-8668,0,0.1062,0
20230303-49281-13461-s-8214,1,0.1456,0
20230303-49281-13461-s-8145,1,0.1263,0
20230303-49281-13461-s-8140,0,0.0523,0
20230303-49281-13461-s-8047,0,0.3125,0
20230303-49281-13461-s-8160,1,0.5209,1
20230303-49281-13461-s-8078,0,0.0739,0
20230303-49281-13461-s-8213,0,0.2048,0
20230303-49281-13461-s-8138,0,0.0737,0
20230303-49281-13461-s-8098,0,0.0639,0
20230303-49281-13461-s-8112,0,0.1535,0
20230303-49281-13461-s-8128,0,0.0499,0
20230303-49281-13461-s-8186,0,0.2525,0
20230303-49281-13461-s-8229,0,0.0186,0
20230303-49281-13461-s-8075,0,0.0295,0
20230303-49281-13461-s-8038,0,0.1369,0
20230303-49281-13461-s-8222,0,0.0702,0
20230303-49281-13461-s-8096,0,0.0304,0
20230303-49281-13461-s-8121,0,0.2083,0
20230303-49281-13461-s-8087,0,0.0259,0
20230303-49281-13461-s-8150,0,0.0494,0
20230303-49281-13461-s-8124,1,0.1186,0
20230303-49281-13461-s-8148,1,0.1558,0
20230303-49281-13461-s-8049,1,0.0597,0
20230303-49281-13461-s-8156,0,0.121,0
20230303-49281-13461-s-7819,0,0.0176,0
20230303-49281-13461-s-7879,0,0.0254,0
20230303-49281-13461-s-7900,0,0.0624,0
20230303-49281-13461-s-7871,0,0.0564,0
20230303-49281-13461-s-7886,0,0.0577,0
20230303-49281-13461-s-7757,0,0.1746,0
20230303-49281-13461-s-7977,0,0.0906,0
20230303-49281-13461-s-7947,0,0.0386,0
20230303-49281-13461-s-7992,0,0.0375,0
20230303-49281-13461-s-7858,0,0.2923,0
20230303-49281-13461-s-7804,0,0.2801,0
20230303-49281-13461-s-8005,0,0.1199,0
20230303-49281-13461-s-7873,0,0.7343,1
20230303-49281-13461-s-7929,0,0.0561,0
20230303-49281-13461-s-7972,0,0.138,0
20230303-49281-13461-s-7928,0,0.2125,0
20230303-49281-13461-s-7999,0,0.1072,0
20230303-49281-13461-s-7803,0,0.0538,0
20230303-49281-13461-s-7844,0,0.0786,0
20230303-49281-13461-s-8009,0,0.0221,0
20230303-49281-13461-s-7885,0,0.313,0
20230303-49281-13461-s-7760,0,0.1518,0
20230303-49281-13461-s-7964,0,0.0536,0
20230303-49281-13461-s-8016,0,0.0214,0
20230303-49281-13461-s-7935,0,0.0271,0
20230303-49281-13461-s-7901,0,0.0274,0
20230303-49281-13461-s-7995,0,0.1636,0
20230303-49281-13461-s-7826,0,0.3617,0
20230303-49281-13461-s-8034,0,0.0198,0
20230303-49281-13461-s-7921,0,0.1438,0
20230303-49281-13461-s-8020,0,0.034,0
20230303-49281-13461-s-7841,0,0.0375,0
20230303-49281-13461-s-7825,0,0.1656,0
20230303-49281-13461-s-7848,0,0.6329,1
20230303-49281-13461-s-8006,0,0.0224,0
20230303-49281-13461-s-8026,0,0.0134,0
20230303-49281-13461-s-7850,0,0.1059,0
20230303-49281-13461-s-7892,0,0.0547,0
20230303-49281-13461-s-7762,0,0.1051,0
20230303-49281-13461-s-7865,0,0.1755,0
20230303-49281-13461-s-7955,0,0.0177,0
20230303-49281-13461-s-7779,0,0.1372,0
20230303-49281-13461-s-7979,0,0.0373,0
20230303-49281-13461-s-7802,0,0.06,0
20230303-49281-13461-s-7868,0,0.6998,1
20230303-49281-13461-s-7774,0,0.123,0
20230303-49281-13461-s-7874,0,0.1676,0
20230303-49281-13461-s-7994,0,0.3123,0
20230303-49281-13461-s-8008,0,0.0405,0
20230303-49281-13461-s-8011,0,0.0344,0
20230303-49281-13461-s-8014,0,0.3166,0
20230303-49281-13461-s-8024,0,0.068,0
20230303-49281-13461-s-8031,0,0.0459,0
20230303-49281-13461-s-8030,0,0.0294,0
20230303-49281-13461-s-8035,0,0.0565,0
20230303-49281-13461-s-8036,0,0.0498,0
20230303-49281-13461-s-8044,0,0.1505,0
20230303-49281-13461-s-8052,0,0.0355,0
20230303-49281-13461-s-8060,1,0.5764,1
20230303-49281-13461-s-8061,0,0.0951,0
20230303-49281-13461-s-8081,0,0.0549,0
20230303-49281-13461-s-8086,0,0.1237,0
20230303-49281-13461-s-8089,0,0.0784,0
20230303-49281-13461-s-8091,0,0.4661,0
20230303-49281-13461-s-8093,1,0.4753,0
20230303-49281-13461-s-8095,1,0.2246,0
20230303-49281-13461-s-8099,1,0.1762,0
20230303-49281-13461-s-8117,0,0.0613,0
20230303-49281-13461-s-8152,0,0.1776,0
20230303-49281-13461-s-8158,1,0.2021,0
20230303-49281-13461-s-7987,0,0.1017,0
20230303-49281-13461-s-8040,0,0.186,0
20230303-49281-13461-s-8021,0,0.2015,0
20230303-49281-13461-s-8303,0,0.0623,0
20230303-49281-13461-s-8278,0,0.1308,0
20230303-49281-13461-s-8373,0,0.0739,0
20230303-49281-13461-s-8301,0,0.2906,0
20230303-49281-13461-s-8318,1,0.1564,0
20230303-49281-13461-s-8346,1,0.0989,0
20230303-49281-13461-s-8257,0,0.108,0
20230303-49281-13461-s-8334,0,0.1227,0
20230303-49281-13461-s-8313,1,0.442,0
20230303-49281-13461-s-8273,1,0.0195,0
20230303-49281-13461-s-8366,1,0.1376,0
20230303-49281-13461-s-8286,0,0.0866,0
20230303-49281-13461-s-8267,0,0.0879,0
20230303-49281-13461-s-8320,0,0.2974,0
20230303-49281-13461-s-8338,0,0.1825,0
20230303-49281-13461-s-8297,0,0.3071,0
20230303-49281-13461-s-8269,0,0.0214,0
20230303-49281-13461-s-8258,0,0.05,0
20230303-49281-13461-s-8276,0,0.0752,0
20230303-49281-13461-s-8375,0,0.0598,0
20230303-49281-13461-s-8315,0,0.0591,0
20230303-49281-13461-s-8367,0,0.1206,0
20230303-49281-13461-s-8254,0,0.0551,0
20230303-49281-13461-s-8344,1,0.2888,0
20230303-49281-13461-s-8240,0,0.0241,0
20230303-49281-13461-s-8639,0,0.2412,0
20230303-49281-13461-s-8669,0,0.1485,0
20230303-49281-13461-s-8667,0,0.0887,0
20230303-49281-13461-s-8628,0,0.3365,0
20230303-49281-13461-s-8658,0,0.22,0
20230303-49281-13461-s-8646,0,0.1339,0
20230303-49281-13461-s-8638,0,0.0981,0
20230303-49281-13461-s-8666,0,0.0574,0
20230303-49281-13461-s-8647,0,0.1578,0
20230303-49281-13461-s-8637,0,0.0627,0
20230303-49281-13461-s-8674,0,0.0332,0
20230303-49281-13461-s-8644,0,0.0844,0
20230303-49281-13461-s-8678,0,0.186,0
20230303-49281-13461-s-8648,0,0.3728,0
20230303-49281-13461-s-8659,0,0.0473,0
20230303-49281-13461-s-8641,0,0.151,0
20230303-49281-13461-s-8672,0,0.0997,0
20230303-49281-13461-s-8651,0,0.6373,1
20230303-49281-13461-s-7540,0,0.1197,0
20230303-49281-13461-s-7551,0,0.066,0
20230303-49281-13461-s-7566,0,0.0568,0
20230303-49281-13461-s-7576,0,0.0554,0
20230303-49281-13461-s-7582,0,0.1292,0
20230303-49281-13461-s-7579,0,0.043,0
20230303-49281-13461-s-7603,0,0.0444,0
20230303-49281-13461-s-7613,0,0.1279,0
20230303-49281-13461-s-7666,0,0.1587,0
20230303-49281-13461-s-7668,0,0.0992,0
20230303-49281-13461-s-7672,0,0.0697,0
20230303-49281-13461-s-7675,0,0.1017,0
20230303-49281-13461-s-7686,0,0.1143,0
20230303-49281-13461-s-7701,0,0.0043,0
20230303-49281-13461-s-7705,0,0.0235,0
20230303-49281-13461-s-7711,0,0.0894,0
20230303-49281-13461-s-7728,0,0.0999,0
20230303-49281-13461-s-7748,0,0.0447,0
20230303-49281-13461-s-7751,0,0.0172,0
20230303-49281-13461-s-7626,0,0.0517,0
20230303-49281-13461-s-7662,0,0.0778,0
20230303-49281-13461-s-7678,0,0.1929,0
20230303-49281-13461-s-7680,0,0.1115,0
20230303-49281-13461-s-7537,0,0.0346,0
20230303-49281-13461-s-7755,0,0.0286,0
20230303-49281-13461-s-7743,0,0.0739,0
20230303-49281-13461-s-7583,0,0.0312,0
20230303-49281-13461-s-7628,0,0.1604,0
20230303-49281-13461-s-7733,0,0.0126,0
20230303-49281-13461-s-7689,0,0.0636,0
20230303-49281-13461-s-7623,0,0.063,0
20230303-49281-13461-s-7692,0,0.059,0
20230303-49281-13461-s-7752,0,0.0441,0
20230303-49281-13461-s-7710,0,0.0521,0
20230303-49281-13461-s-7657,0,0.022,0
20230303-49281-13461-s-7654,0,0.0309,0
20230303-49281-13461-s-7541,0,0.1001,0
20230303-49281-13461-s-7688,0,0.1449,0
20230303-49281-13461-s-7580,0,0.0743,0
20230303-49281-13461-s-7647,0,0.067,0
20230303-49281-13461-s-7722,0,0.2592,0
20230303-49281-13461-s-7706,0,0.0182,0
20230303-49281-13461-s-7697,0,0.0924,0
20230303-49281-13461-s-7707,0,0.155,0
20230303-49281-13461-s-7344,0,0.0294,0
20230303-49281-13461-s-7362,1,0.1138,0
20230303-49281-13461-s-7381,0,0.0206,0
20230303-49281-13461-s-7385,0,0.0103,0
20230303-49281-13461-s-7393,0,0.1439,0
20230303-49281-13461-s-7408,0,0.113,0
20230303-49281-13461-s-7409,0,0.0488,0
20230303-49281-13461-s-7415,0,0.172,0
20230303-49281-13461-s-7416,0,0.0252,0
20230303-49281-13461-s-7455,0,0.0698,0
20230303-49281-13461-s-7458,0,0.0826,0
20230303-49281-13461-s-7479,0,0.2947,0
20230303-49281-13461-s-7480,0,0.0518,0
20230303-49281-13461-s-7481,0,0.0609,0
20230303-49281-13461-s-7493,0,0.0419,0
20230303-49281-13461-s-7357,0,0.0447,0
20230303-49281-13461-s-7387,0,0.0709,0
20230303-49281-13461-s-7461,0,0.01,0
20230303-49281-13461-s-7437,0,0.0522,0
20230303-49281-13461-s-7489,1,0.3244,0
20230303-49281-13461-s-7343,0,0.0444,0
20230303-49281-13461-s-7422,0,0.048,0
20230303-49281-13461-s-7459,1,0.2235,0
20230303-49281-13461-s-7389,0,0.0359,0
20230303-49281-13461-s-7364,0,0.0295,0
20230303-49281-13461-s-7384,0,0.0467,0
20230303-49281-13461-s-7430,0,0.2604,0
20230303-49281-13461-s-7341,1,0.0526,0
20230303-49281-13461-s-7349,0,0.0397,0
20230303-49281-13461-s-7368,0,0.0395,0
20230303-49281-13461-s-7379,0,0.0495,0
20230303-49281-13461-s-7380,0,0.1245,0
20230303-49281-13461-s-7398,1,0.0171,0
20230303-49281-13461-s-7426,0,0.0219,0
20230303-49281-13461-s-7429,0,0.0471,0
20230303-49281-13461-s-7440,0,0.0208,0
20230303-49281-13461-s-7442,0,0.0174,0
20230303-49281-13461-s-7445,0,0.013,0
20230303-49281-13461-s-7449,0,0.0171,0
20230303-49281-13461-s-7448,0,0.2142,0
20230303-49281-13461-s-7454,0,0.0479,0
20230303-49281-13461-s-7465,0,0.0822,0
20230303-49281-13461-s-7466,0,0.0234,0
20230303-49281-13461-s-7476,1,0.1008,0
20230303-49281-13461-s-7478,0,0.0497,0
20230303-49281-13461-s-7539,1,0.3014,0
20230303-49281-13461-s-7443,0,0.1122,0
20230303-49281-13461-s-7753,0,0.0827,0
20230303-49281-13461-s-7723,0,0.0661,0
20230303-49281-13461-s-7586,0,0.0131,0
20230303-49281-13461-s-7529,0,0.0449,0
20230303-49281-13461-s-7460,0,0.1041,0
20230303-49281-13461-s-7511,0,0.041,0
20230303-49281-13461-s-7374,0,0.0315,0
20230303-49281-13461-s-7561,0,0.0684,0
20230303-49281-13461-s-7572,0,0.0737,0
20230303-49281-13461-s-7518,0,0.0298,0
20230303-49281-13461-s-7484,0,0.0427,0
20230303-49281-13461-s-7394,0,0.1158,0
20230303-49281-13461-s-7339,0,0.0138,0
20230303-49281-13461-s-7578,0,0.0435,0
20230303-49281-13461-s-7463,0,0.0075,0
20230303-49281-13461-s-7427,0,0.0394,0
20230303-49281-13461-s-7369,0,0.0704,0
20230303-49281-13461-s-7435,0,0.0161,0
20230303-49281-13461-s-7610,0,0.038,0
20230303-49281-13461-s-7378,0,0.0187,0
20230303-49281-13461-s-7533,0,0.0323,0
20230303-49281-13461-s-7468,0,0.0116,0
20230303-49281-13461-s-7546,0,0.3996,0
20230303-49281-13461-s-7417,0,0.0162,0
20230303-49281-13461-s-7645,0,0.0949,0
20230303-49281-13461-s-7495,1,0.0342,0
20230303-49281-13461-s-7681,0,0.0875,0
20230303-49281-13461-s-7356,0,0.038,0
20230303-49281-13461-s-7358,0,0.0696,0
20230303-49281-13461-s-7386,0,0.0378,0
20230303-49281-13461-s-7639,0,0.1346,0
20230303-49281-13461-s-7447,0,0.0253,0
20230303-49281-13461-s-7714,0,0.0659,0
20230303-49281-13461-s-7366,0,0.0429,0
20230303-49281-13461-s-7631,1,0.1014,0
20230303-49281-13461-s-7346,0,0.0242,0
20230303-49281-13461-s-7444,0,0.0304,0
20230303-49281-13461-s-7396,0,0.0324,0
20230303-49281-13461-s-7451,0,0.0112,0
20230303-49281-13461-s-7593,0,0.0734,0
20230303-49281-13461-s-7520,0,0.0465,0
20230303-49281-13461-s-7421,0,0.1367,0
20230303-49281-13461-s-7556,0,0.0713,0
20230303-49284-13461-s-5771,0,0.0589,0
20230303-49284-13461-s-5776,0,0.0384,0
20230303-49284-13461-s-5746,0,0.1495,0
20230303-49284-13461-s-6178,0,0.2534,0
20230303-49284-13461-s-5902,0,0.2004,0
20230303-49284-13461-s-6019,0,0.0089,0
20230303-49284-13461-s-6002,0,0.0245,0
20230303-49284-13461-s-5708,0,0.1411,0
20230303-49284-13461-s-6067,0,0.065,0
20230303-49284-13461-s-5780,0,0.1438,0
20230303-49284-13461-s-6021,0,0.0275,0
20230303-49284-13461-s-5745,0,0.0123,0
20230303-49284-13461-s-5811,0,0.0183,0
20230303-49284-13461-s-5832,0,0.1283,0
20230303-49284-13461-s-7708,0,0.077,0
20230303-49284-13461-s-5810,0,0.0373,0
20230303-49284-13461-s-6139,0,0.2309,0
20230303-49284-13461-s-6157,0,0.1603,0
20230303-49284-13461-s-6195,0,0.0576,0
20230303-49284-13461-s-5808,0,0.1511,0
20230303-49284-13461-s-6176,0,0.0506,0
20230303-49284-13461-s-5654,0,0.1273,0
20230303-49284-13461-s-6175,0,0.1025,0
20230303-49284-13461-s-6155,0,0.1117,0
20230303-49284-13461-s-6193,0,0.1675,0
20230303-49284-13461-s-5893,0,0.0854,0
20230303-49284-13461-s-6190,0,0.2198,0
20230303-49284-13461-s-6180,0,0.091,0
20230303-49284-13461-s-6072,0,0.3082,0
20230303-49284-13461-s-6131,0,0.1223,0
20230303-49284-13461-s-6164,0,0.1487,0
20230303-49284-13461-s-5770,0,0.0596,0
20230303-49284-13461-s-6162,0,0.1918,0
20230303-49284-13461-s-5866,0,0.1043,0
20230303-49284-13461-s-5872,0,0.0139,0
20230303-49284-13461-s-7709,0,0.0184,0
20230303-49284-13461-s-6135,0,0.0176,0
20230303-49284-13461-s-5862,0,0.0372,0
20230303-49284-13461-s-5816,0,0.3715,0
20230303-49284-13461-s-5977,0,0.1883,0
20230303-49284-13461-s-5718,0,0.2398,0
20230303-49284-13461-s-6117,0,0.1334,0
20230303-49284-13461-s-5981,0,0.5422,1
20230303-49284-13461-s-5815,0,0.292,0
20230303-49284-13461-s-6191,0,0.2338,0
20230303-49284-13461-s-5842,0,0.0881,0
20230303-49284-13461-s-5998,0,0.0198,0
20230303-49284-13461-s-6111,0,0.0533,0
20230303-49284-13461-s-6048,0,0.0083,0
20230303-49284-13461-s-5721,0,0.0999,0
20230303-49284-13461-s-5794,0,0.0274,0
20230303-49284-13461-s-5785,0,0.0753,0
20230303-49284-13461-s-5861,0,0.0357,0
20230303-49284-13461-s-6160,0,0.0307,0
20230303-49284-13461-s-5791,0,0.0232,0
20230303-49284-13461-s-5818,0,0.0881,0
20230303-49284-13461-s-6207,0,0.0082,0
20230303-49284-13461-s-6141,0,0.0328,0
20230303-49284-13461-s-5788,0,0.1594,0
20230303-49284-13461-s-5999,0,0.2337,0
20230303-49284-13461-s-6046,0,0.1497,0
20230303-49284-13461-s-5729,0,0.3085,0
20230303-49284-13461-s-6140,0,0.111,0
20230303-49284-13461-s-5876,0,0.082,0
20230303-49284-13461-s-6077,0,0.0557,0
20230303-49284-13461-s-5759,0,0.148,0
20230303-49284-13461-s-5982,0,0.0428,0
20230303-49284-13461-s-5965,0,0.096,0
20230303-49284-13461-s-6041,0,0.0465,0
20230303-49284-13461-s-6061,0,0.1065,0
20230303-49284-13461-s-5886,0,0.0893,0
20230303-49284-13461-s-5747,0,0.0593,0
20230303-49284-13461-s-5688,0,0.0315,0
20230303-49284-13461-s-6170,0,0.0874,0
20230303-49284-13461-s-5774,0,0.0484,0
20230303-49284-13461-s-5694,0,0.0552,0
20230303-49284-13461-s-5824,0,0.1552,0
20230303-49284-13461-s-6075,0,0.0859,0
20230303-49284-13461-s-6040,0,0.0311,0
20230303-49284-13461-s-6198,0,0.1251,0
20230303-49284-13461-s-5691,0,0.2201,0
20230303-49284-13461-s-5797,0,0.0359,0
20230303-49284-13461-s-6018,0,0.0633,0
20230303-49284-13461-s-6182,0,0.1277,0
20230303-49284-13461-s-5712,0,0.052,0
20230303-49284-13461-s-6194,0,0.1703,0
20230303-49284-13461-s-6055,0,0.0849,0
20230303-49284-13461-s-5865,0,0.094,0
20230303-49281-13461-s-8955,0,0.0286,0
20230303-49281-13461-s-7496,0,0.0498,0
20230303-49281-13461-s-7352,0,0.0212,0
20230303-49281-13461-s-7397,0,0.037,0
20230303-49281-13461-s-7509,0,0.0311,0
20230303-49281-13461-s-7700,0,0.0306,0
20230303-49281-13461-s-7516,0,0.0568,0
20230303-49281-13461-s-7674,0,0.1165,0
20230303-49281-13461-s-7737,0,0.131,0
20230303-49281-13461-s-7698,0,0.0197,0
20230303-49281-13461-s-7729,0,0.1529,0
20230303-49281-13461-s-7347,0,0.0141,0
20230303-49281-13461-s-7513,0,0.1497,0
20230303-49281-13461-s-7612,0,0.0503,0
20230303-49281-13461-s-7713,0,0.3474,0
20230303-49281-13461-s-7606,1,0.0211,0
20230303-49281-13461-s-7491,0,0.1645,0
20230303-49281-13461-s-7560,1,0.1389,0
20230303-49281-13461-s-7526,0,0.0587,0
20230303-49281-13461-s-7696,0,0.0745,0
20230303-49281-13461-s-7744,1,0.4536,0
20230303-49281-13461-s-7404,0,0.1146,0
20230303-49281-13461-s-7530,0,0.111,0
20230303-49281-13461-s-7614,0,0.0355,0
20230303-49281-13461-s-7664,1,0.0196,0
20230303-49281-13461-s-7553,0,0.0329,0
20230303-49281-13461-s-7490,1,0.379,0
20230303-49281-13461-s-7679,1,0.0364,0
20230303-49281-13461-s-7558,0,0.0712,0
20230303-49281-13461-s-7505,0,0.0517,0
20230303-49281-13461-s-7682,0,0.0166,0
20230303-49281-13461-s-7390,0,0.0873,0
20230303-49281-13461-s-7577,0,0.1016,0
20230303-49281-13461-s-7418,0,0.0826,0
20230303-49281-13461-s-7355,0,0.0485,0
20230303-49281-13461-s-7500,0,0.1649,0
20230303-49281-13461-s-7501,0,0.0555,0
20230303-49281-13461-s-7503,0,0.1388,0
20230303-49281-13461-s-7506,0,0.0678,0
20230303-49281-13461-s-7510,0,0.213,0
20230303-49281-13461-s-7532,0,0.0956,0
20230303-49281-13461-s-7531,0,0.0403,0
20230303-49281-13461-s-7545,0,0.1126,0
20230303-49281-13461-s-7552,0,0.0513,0
20230303-49281-13461-s-7559,0,0.0206,0
20230303-49281-13461-s-7564,0,0.0093,0
20230303-49281-13461-s-7571,0,0.0665,0
20230303-49281-13461-s-7573,0,0.1887,0
20230303-49281-13461-s-7581,0,0.0908,0
20230303-49281-13461-s-7595,0,0.0759,0
20230303-49281-13461-s-7608,0,0.0226,0
20230303-49281-13461-s-7621,0,0.0474,0
20230303-49281-13461-s-7622,0,0.0394,0
20230303-49281-13461-s-7630,0,0.063,0
20230303-49281-13461-s-7640,0,0.0376,0
20230303-49281-13461-s-7642,0,0.2185,0
20230303-49281-13461-s-7649,0,0.049,0
20230303-49281-13461-s-7665,0,0.0533,0
20230303-49281-13461-s-7687,0,0.0217,0
20230303-49281-13461-s-7691,0,0.0744,0
20230303-49281-13461-s-7695,0,0.076,0
20230303-49281-13461-s-7708,0,0.1316,0
20230303-49281-13461-s-7716,0,0.056,0
20230303-49281-13461-s-7719,0,0.0337,0
20230303-49281-13461-s-7734,0,0.0355,0
20230303-49281-13461-s-7738,0,0.0285,0
20230303-49281-13461-s-8384,0,0.2865,0
20230303-49281-13461-s-8406,0,0.0636,0
20230303-49281-13461-s-8411,0,0.0724,0
20230303-49281-13461-s-8415,0,0.043,0
20230303-49281-13461-s-8417,0,0.061,0
20230303-49281-13461-s-8969,1,0.2233,0
20230303-49281-13461-s-8496,0,0.1604,0
20230303-49281-13461-s-8542,0,0.0895,0
20230303-49281-13461-s-8543,0,0.2911,0
20230303-49281-13461-s-8546,0,0.0992,0
20230303-49281-13461-s-8547,0,0.0413,0
20230303-49281-13461-s-8553,0,0.0213,0
20230303-49281-13461-s-8556,0,0.1204,0
20230303-49281-13461-s-8562,0,0.1234,0
20230303-49281-13461-s-8563,0,0.3245,0
20230303-49281-13461-s-8570,0,0.0592,0
20230303-49281-13461-s-8571,0,0.0438,0
20230303-49281-13461-s-8574,0,0.0137,0
20230303-49281-13461-s-8577,0,0.0664,0
20230303-49281-13461-s-8580,0,0.0769,0
20230303-49281-13461-s-8581,0,0.1534,0
20230303-49281-13461-s-8598,0,0.0453,0
20230303-49281-13461-s-8428,0,0.2057,0
20230303-49281-13461-s-8430,1,0.3458,0
20230303-49281-13461-s-8946,1,0.5578,1
20230303-49281-13461-s-8457,0,0.1106,0
20230303-49281-13461-s-8461,0,0.1594,0
20230303-49281-13461-s-8467,0,0.0423,0
20230303-49281-13461-s-8484,0,0.076,0
20230303-49281-13461-s-8501,0,0.0185,0
20230303-49281-13461-s-8502,0,0.186,0
20230303-49281-13461-s-8505,1,0.1032,0
20230303-49281-13461-s-8508,0,0.2294,0
20230303-49281-13461-s-8509,0,0.2177,0
20230303-49281-13461-s-8511,0,0.3715,0
20230303-49281-13461-s-8521,0,0.0714,0
20230303-49281-13461-s-8524,0,0.155,0
20230303-49281-13461-s-8528,0,0.02,0
20230303-49281-13461-s-8530,0,0.0552,0
20230303-49281-13461-s-8535,0,0.3065,0
20230303-49281-13461-s-8538,0,0.1066,0
20230303-49281-13461-s-8539,0,0.123,0
20230303-49281-13461-s-8550,0,0.138,0
20230303-49281-13461-s-8514,0,0.185,0
20230303-49281-13461-s-8474,0,0.658,1
20230303-49281-13461-s-8438,0,0.2131,0
20230303-49281-13461-s-8487,0,0.1926,0
20230303-49281-13461-s-8516,0,0.3673,0
20230303-49281-13461-s-8486,0,0.1767,0
20230303-49281-13461-s-8443,0,0.1118,0
20230303-49281-13461-s-8462,0,0.2607,0
20230303-49281-13461-s-8445,0,0.0605,0
20230303-49281-13461-s-8439,0,0.0555,0
20230303-49281-13461-s-8468,0,0.032,0
20230303-49281-13461-s-8483,0,0.1468,0
20230303-49281-13461-s-8489,0,0.1496,0
20230303-49281-13461-s-8458,0,0.4025,0
20230303-49281-13461-s-8497,0,0.0796,0
20230303-49281-13461-s-8523,0,0.075,0
20230303-49281-13461-s-8498,0,0.0548,0
20230303-49281-13461-s-8472,0,0.0975,0
20230303-49281-13461-s-8494,1,0.1063,0
20230303-49281-13461-s-8459,0,0.284,0
20230303-49281-13461-s-8537,0,0.0108,0
20230303-49281-13461-s-8532,0,0.1485,0
20230303-49281-13461-s-8544,0,0.1738,0
20230303-49281-13461-s-8522,0,0.0127,0
20230303-49281-13461-s-8478,0,0.1794,0
20230303-49281-13461-s-8259,0,0.0294,0
20230303-49281-13461-s-8242,0,0.0274,0
20230303-49281-13461-s-8155,0,0.0263,0
20230303-49281-13461-s-8311,0,0.0972,0
20230303-49281-13461-s-8379,0,0.1057,0
20230303-49281-13461-s-8289,0,0.0396,0
20230303-49281-13461-s-8347,0,0.1143,0
20230303-49281-13461-s-8403,0,0.0832,0
20230303-49281-13461-s-8312,0,0.0236,0
20230303-49281-13461-s-8404,0,0.0369,0
20230303-49281-13461-s-8244,0,0.1075,0
20230303-49281-13461-s-8353,0,0.0697,0
20230303-49281-13461-s-8398,0,0.0479,0
20230303-49281-13461-s-8393,0,0.0323,0
20230303-49281-13461-s-8247,0,0.1144,0
20230303-49281-13461-s-8292,1,0.2661,0
20230303-49281-13461-s-8359,0,0.0977,0
20230303-49281-13461-s-8233,0,0.0281,0
20230303-49281-13461-s-8336,0,0.0429,0
20230303-49281-13461-s-8174,0,0.1105,0
20230303-49281-13461-s-8329,0,0.1519,0
20230303-49281-13461-s-8223,0,0.0461,0
20230303-49281-13461-s-8360,0,0.0224,0
20230303-49281-13461-s-8207,0,0.1005,0
20230303-49281-13461-s-8232,0,0.0384,0
20230303-49281-13461-s-8272,0,0.1012,0
20230303-49281-13461-s-8279,0,0.2666,0
20230303-49281-13461-s-8331,0,0.0406,0
20230303-49281-13461-s-8330,0,0.1554,0
20230303-49281-13461-s-8256,0,0.0553,0
20230303-49281-13461-s-8388,0,0.1118,0
20230303-49281-13461-s-8262,0,0.485,0
20230303-49281-13461-s-8239,0,0.015,0
20230303-49281-13461-s-8251,0,0.1416,0
20230303-49281-13461-s-8943,0,0.0492,0
20230303-49281-13461-s-8368,0,0.0241,0
20230303-49281-13461-s-8235,0,0.0432,0
20230303-49281-13461-s-8378,0,0.0933,0
20230303-49281-13461-s-8335,0,0.3949,0
20230303-49281-13461-s-8226,0,0.0732,0
20230303-49281-13461-s-8316,0,0.1429,0
20230303-49281-13461-s-7694,0,0.6486,1
20230303-49281-13461-s-7669,1,0.2628,0
20230303-49281-13461-s-7715,0,0.1731,0
20230303-49281-13461-s-7618,0,0.0277,0
20230303-49281-13461-s-7345,0,0.038,0
20230303-49281-13461-s-7432,0,0.0341,0
20230303-49281-13461-s-7731,0,0.1801,0
20230303-49281-13461-s-7354,0,0.0215,0
20230303-49281-13461-s-7658,0,0.0191,0
20230303-49281-13461-s-7414,0,0.0393,0
20230303-49281-13461-s-7661,0,0.0171,0
20230303-49281-13461-s-7428,0,0.1061,0
20230303-49281-13461-s-7652,0,0.0367,0
20230303-49281-13461-s-7407,0,0.0102,0
20230303-49281-13461-s-7425,0,0.0545,0
20230303-49281-13461-s-7502,0,0.1806,0
20230303-49281-13461-s-7562,0,0.0366,0
20230303-49281-13461-s-7534,0,0.0935,0
20230303-49281-13461-s-7504,0,0.1645,0
20230303-49281-13461-s-7487,0,0.0109,0
20230303-49281-13461-s-7536,0,0.09,0
20230303-49281-13461-s-7594,0,0.2372,0
20230303-49281-13461-s-7521,0,0.0449,0
20230303-49281-13461-s-7588,0,0.0281,0
20230303-49281-13461-s-7650,0,0.0581,0
20230303-49281-13461-s-7363,0,0.0961,0
20230303-49281-13461-s-7351,0,0.0375,0
20230303-49281-13461-s-7641,0,0.0966,0
20230303-49281-13461-s-7338,0,0.0853,0
20230303-49281-13461-s-7570,0,0.0367,0
20230303-49281-13461-s-7587,0,0.0169,0
20230303-49281-13461-s-7591,0,0.1221,0
20230303-49281-13461-s-7391,0,0.0595,0
20230303-49281-13461-s-7653,0,0.0178,0
20230303-49281-13461-s-7420,0,0.0115,0
20230303-49281-13461-s-7750,0,0.0908,0
20230303-49281-13461-s-7759,0,0.0905,0
20230303-49281-13461-s-7761,0,0.0078,0
20230303-49281-13461-s-7766,0,0.0539,0
20230303-49281-13461-s-7771,0,0.0209,0
20230303-49281-13461-s-7776,0,0.0072,0
20230303-49281-13461-s-7780,0,0.073,0
20230303-49281-13461-s-7791,0,0.0219,0
20230303-49281-13461-s-7828,0,0.0366,0
20230303-49281-13461-s-7827,0,0.0422,0
20230303-49281-13461-s-7847,0,0.0285,0
20230303-49281-13461-s-7852,0,0.1153,0
20230303-49281-13461-s-7853,0,0.0373,0
20230303-49281-13461-s-7855,0,0.06,0
20230303-49281-13461-s-7870,0,0.0418,0
20230303-49281-13461-s-7889,0,0.0779,0
20230303-49281-13461-s-7894,0,0.3893,0
20230303-49281-13461-s-7896,0,0.118,0
20230303-49281-13461-s-7898,0,0.0823,0
20230303-49281-13461-s-7903,0,0.0602,0
20230303-49281-13461-s-7912,0,0.2887,0
20230303-49281-13461-s-7913,0,0.2362,0
20230303-49281-13461-s-7916,0,0.0633,0
20230303-49281-13461-s-7922,0,0.0903,0
20230303-49281-13461-s-7925,0,0.034,0
20230303-49281-13461-s-7927,0,0.142,0
20230303-49281-13461-s-7933,0,0.0773,0
20230303-49281-13461-s-7859,0,0.0465,0
20230303-49281-13461-s-8614,0,0.0164,0
20230303-49281-13461-s-8691,0,0.0195,0
20230303-49281-13461-s-8750,0,0.1363,0
20230303-49281-13461-s-8654,0,0.0156,0
20230303-49281-13461-s-8615,0,0.0505,0
20230303-49281-13461-s-8671,0,0.1873,0
20230303-49281-13461-s-8715,0,0.2836,0
20230303-49281-13461-s-8684,0,0.1035,0
20230303-49281-13461-s-8619,0,0.0406,0
20230303-49281-13461-s-8765,0,0.0563,0
20230303-49281-13461-s-8728,0,0.0253,0
20230303-49281-13461-s-8743,0,0.1339,0
20230303-49281-13461-s-8708,0,0.0812,0
20230303-49281-13461-s-8618,0,0.0314,0
20230303-49281-13461-s-8763,0,0.142,0
20230303-49281-13461-s-8642,0,0.0864,0
20230303-49281-13461-s-8766,0,0.0803,0
20230303-49281-13461-s-8721,0,0.1535,0
20230303-49281-13461-s-8612,0,0.0427,0
20230303-49281-13461-s-8703,0,0.1679,0
20230303-49281-13461-s-8742,0,0.0669,0
20230303-49281-13461-s-8633,0,0.0444,0
20230303-49281-13461-s-8588,0,0.1612,0
20230303-49281-13461-s-8643,0,0.0659,0
20230303-49281-13461-s-8609,0,0.0173,0
20230303-49281-13461-s-8745,0,0.0557,0
20230303-49281-13461-s-8635,0,0.1504,0
20230303-49281-13461-s-8629,0,0.2078,0
20230303-49281-13461-s-8804,0,0.0549,0
20230303-49281-13461-s-8818,0,0.1447,0
20230303-49281-13461-s-8827,0,0.1173,0
20230303-49281-13461-s-8812,0,0.0097,0
20230303-49281-13461-s-8813,0,0.1286,0
20230303-49281-13461-s-8824,0,0.0075,0
20230303-49281-13461-s-8807,0,0.0616,0
20230303-49281-13461-s-8118,1,0.2796,0
20230303-49281-13461-s-8083,0,0.0716,0
20230303-49281-13461-s-8146,0,0.2084,0
20230303-49281-13461-s-8184,0,0.164,0
20230303-49281-13461-s-8054,0,0.1275,0
20230303-49281-13461-s-8088,0,0.1257,0
20230303-49281-13461-s-8141,0,0.1555,0
20230303-49281-13461-s-8125,1,0.1343,0
20230303-49281-13461-s-8199,0,0.0796,0
20230303-49281-13461-s-8042,0,0.1434,0
20230303-49281-13461-s-8120,1,0.1203,0
20230303-49281-13461-s-8221,0,0.0407,0
20230303-49281-13461-s-8196,0,0.0116,0
20230303-49281-13461-s-8116,0,0.0684,0
20230303-49281-13461-s-8059,0,0.1293,0
20230303-49281-13461-s-8055,0,0.0886,0
20230303-49281-13461-s-8191,0,0.0293,0
20230303-49281-13461-s-8169,0,0.2058,0
20230303-49281-13461-s-8144,0,0.0776,0
20230303-49281-13461-s-8161,0,0.0889,0
20230303-49281-13461-s-8149,0,0.0449,0
20230303-49281-13461-s-8048,0,0.0135,0
20230303-49281-13461-s-8181,0,0.2123,0
20230303-49281-13461-s-8142,0,0.2893,0
20230303-49281-13461-s-8069,0,0.1698,0
20230303-49281-13461-s-8039,0,0.0704,0
20230303-49281-13461-s-8097,0,0.2056,0
20230303-49281-13461-s-8050,0,0.3202,0
20230303-49281-13461-s-8115,0,0.06,0
20230303-49281-13461-s-8220,0,0.1148,0
20230303-49281-13461-s-8167,0,0.1506,0
20230303-49281-13461-s-8187,0,0.1957,0
20230303-49281-13461-s-8228,0,0.0423,0
20230303-49281-13461-s-8197,0,0.2144,0
20230303-49281-13461-s-8080,0,0.1234,0
20230303-49281-13461-s-8151,0,0.0283,0
20230303-49281-13461-s-8109,0,0.0428,0
20230303-49281-13461-s-8304,0,0.4566,0
20230303-49281-13461-s-8270,0,0.2668,0
20230303-49281-13461-s-8178,0,0.1515,0
20230303-49281-13461-s-8328,0,0.1936,0
20230303-49281-13461-s-8322,0,0.4677,0
20230303-49281-13461-s-8300,0,0.3645,0
20230303-49281-13461-s-8364,0,0.121,0
20230303-49281-13461-s-8211,0,0.1437,0
20230303-49281-13461-s-8306,0,0.2158,0
20230303-49281-13461-s-8394,0,0.0659,0
20230303-49281-13461-s-8153,0,0.3382,0
20230303-49281-13461-s-8369,0,0.1447,0
20230303-49281-13461-s-8175,0,0.0264,0
20230303-49281-13461-s-8290,0,0.1401,0
20230303-49281-13461-s-8225,0,0.0643,0
20230303-49281-13461-s-8237,0,0.04,0
20230303-49281-13461-s-8271,0,0.5405,1
20230303-49281-13461-s-8157,0,0.0883,0
20230303-49281-13461-s-8400,1,0.1545,0
20230303-49281-13461-s-8253,0,0.1258,0
20230303-49281-13461-s-8165,0,0.0682,0
20230303-49281-13461-s-8277,1,0.7772,1
20230303-49281-13461-s-8119,0,0.3706,0
20230303-49281-13461-s-8391,0,0.3094,0
20230303-49281-13461-s-8189,0,0.0472,0
20230303-49281-13461-s-8215,0,0.0114,0
20230303-49281-13461-s-8332,0,0.0663,0
20230303-49281-13461-s-8380,0,0.0577,0
20230303-49281-13461-s-8325,0,0.0561,0
20230303-49281-13461-s-8387,0,0.0106,0
20230303-49281-13461-s-8305,0,0.0865,0
20230303-49281-13461-s-8339,0,0.0708,0
20230303-49281-13461-s-8427,0,0.0727,0
20230303-49281-13461-s-8437,0,0.1936,0
20230303-49281-13461-s-8216,0,0.0225,0
20230303-49281-13461-s-8324,0,0.1592,0
20230303-49281-13461-s-8321,0,0.1824,0
20230303-49281-13461-s-8293,0,0.0693,0
20230303-49281-13461-s-8195,0,0.1216,0
20230303-49281-13461-s-8255,0,0.5859,1
20230303-49281-13461-s-8385,0,0.0601,0
20230303-49281-13461-s-8356,0,0.0133,0
20230303-49281-13461-s-8944,0,0.0771,0
20230303-49281-13461-s-8389,0,0.0475,0
20230303-49281-13461-s-8397,0,0.2468,0
20230303-49281-13461-s-8370,0,0.297,0
20230303-49281-13461-s-7796,0,0.1277,0
20230303-49281-13461-s-7980,0,0.7499,1
20230303-49281-13461-s-7805,0,0.0684,0
20230303-49281-13461-s-8007,0,0.3753,0
20230303-49281-13461-s-7767,1,0.1658,0
20230303-49281-13461-s-7939,1,0.1569,0
20230303-49281-13461-s-8968,1,0.0598,0
20230303-49281-13461-s-8942,1,0.0416,0
20230303-49281-13461-s-7787,0,0.1466,0
20230303-49281-13461-s-8041,1,0.7202,1
20230303-49281-13461-s-8063,1,0.6076,1
20230303-49281-13461-s-8092,1,0.5962,1
20230303-49281-13461-s-8105,1,0.5056,1
20230303-49281-13461-s-8893,1,0.8776,1
20230303-49284-13461-s-6591,1,0.3792,0
20230303-49284-13461-s-6501,1,0.8964,1
20230303-49284-13461-s-6461,1,0.7785,1
20230303-49284-13461-s-6546,1,0.6355,1
20230303-49284-13461-s-6448,1,0.3622,0
20230303-49284-13461-s-6237,0,0.3838,0
20230303-49284-13461-s-6555,1,0.7017,1
20230303-49284-13461-s-6604,1,0.5573,1
20230303-49281-13461-s-8127,1,0.7916,1
20230303-49281-13461-s-8051,1,0.7237,1
20230303-49281-13461-s-7965,1,0.1469,0
20230303-49284-13461-s-6523,1,0.9426,1
20230303-49284-13461-s-6553,1,0.6384,1
20230303-49281-13461-s-7818,1,0.146,0
20230303-49284-13461-s-6524,1,0.8122,1
20230303-49281-13461-s-7786,0,0.0425,0
20230303-49281-13461-s-8076,1,0.2811,0
20230303-49284-13461-s-6959,1,0.1002,0
20230303-49281-13461-s-7800,0,0.0405,0
20230303-49281-13461-s-7772,0,0.1184,0
20230303-49281-13461-s-8967,0,0.018,0
20230303-49281-13461-s-8390,0,0.0209,0
20230303-49281-13461-s-8405,0,0.093,0
20230303-49281-13461-s-8409,1,0.1977,0
20230303-49281-13461-s-8413,0,0.1798,0
20230303-49281-13461-s-8421,1,0.1573,0
20230303-49281-13461-s-8440,0,0.0597,0
20230303-49281-13461-s-8450,0,0.058,0
20230303-49281-13461-s-8452,0,0.0138,0
20230303-49281-13461-s-8463,0,0.2557,0
20230303-49281-13461-s-8490,0,0.0785,0
20230303-49281-13461-s-8492,0,0.0388,0
20230303-49281-13461-s-8518,0,0.0855,0
20230303-49284-13461-s-6844,0,0.0378,0
20230303-49284-13461-s-6845,0,0.1371,0
20230303-49281-13461-s-8905,0,0.0586,0
20230303-49281-13461-s-8541,0,0.0198,0
20230303-49281-13461-s-8551,0,0.2667,0
20230303-49284-13461-s-6846,0,0.0335,0
20230303-49281-13461-s-8906,0,0.1372,0
20230303-49281-13461-s-8564,0,0.1654,0
20230303-49281-13461-s-8568,0,0.0115,0
20230303-49284-13461-s-6850,0,0.0781,0
20230303-49281-13461-s-8908,0,0.0643,0
20230303-49281-13461-s-8578,0,0.1103,0
20230303-49284-13461-s-6851,0,0.0709,0
20230303-49281-13461-s-8909,0,0.0649,0
20230303-49284-13461-s-6847,0,0.0225,0
20230303-49281-13461-s-8491,0,0.0391,0
20230303-49281-13461-s-8561,0,0.0293,0
20230303-49281-13461-s-8559,0,0.0184,0
20230303-49281-13461-s-8903,0,0.1938,0
20230303-49284-13461-s-6853,0,0.0836,0
20230303-49281-13461-s-8470,0,0.3394,0
20230303-49281-13461-s-8493,0,0.0362,0
20230303-49284-13461-s-6854,0,0.167,0
20230303-49281-13461-s-8548,0,0.0076,0
20230303-49281-13461-s-8482,0,0.0506,0
20230303-49284-13461-s-6852,0,0.0793,0
20230303-49281-13461-s-8526,0,0.055,0
20230303-49281-13461-s-8751,0,0.0317,0
20230303-49281-13461-s-8793,0,0.2784,0
20230303-49281-13461-s-8800,0,0.0188,0
20230303-49281-13461-s-8801,0,0.2522,0
20230303-49281-13461-s-8817,0,0.0395,0
20230303-49281-13461-s-8802,0,0.0257,0
20230303-49281-13461-s-8780,0,0.2218,0
20230303-49281-13461-s-8917,0,0.1092,0
20230303-49284-13461-s-6886,0,0.0635,0
20230303-49281-13461-s-8792,0,0.0275,0
20230303-49284-13461-s-6883,0,0.0901,0
20230303-49284-13461-s-6939,1,0.68,1
20230303-49284-13461-s-6710,1,0.1345,0
20230303-49284-13461-s-6662,1,0.8867,1
20230303-49284-13461-s-6759,1,0.2893,0
20230303-49284-13461-s-6774,1,0.468,0
20230303-49284-13461-s-6788,1,0.9665,1
20230303-49284-13461-s-6755,1,0.1197,0
20230303-49284-13461-s-6689,1,0.8828,1
20230303-49284-13461-s-6812,1,0.7681,1
20230303-49284-13461-s-6652,1,0.9548,1
20230303-49284-13461-s-6679,1,0.8815,1
20230303-49284-13461-s-6761,1,0.6368,1
20230303-49284-13461-s-6786,1,0.7786,1
20230303-49284-13461-s-6702,1,0.2878,0
20230303-49284-13461-s-6839,1,0.3418,0
20230303-49284-13461-s-6772,1,0.9459,1
20230303-49284-13461-s-6801,1,0.7586,1
20230303-49284-13461-s-6666,1,0.9112,1
20230303-49284-13461-s-6695,1,0.8831,1
20230303-49284-13461-s-6745,1,0.7796,1
20230303-49284-13461-s-6837,1,0.7285,1
20230303-49284-13461-s-6825,1,0.7612,1
20230303-49284-13461-s-6797,1,0.8157,1
20230303-49284-13461-s-6640,1,0.8958,1
20230303-49284-13461-s-6639,1,0.6193,1
20230303-49284-13461-s-6773,1,0.7626,1
20230303-49284-13461-s-6775,1,0.9472,1
20230303-49284-13461-s-6672,1,0.9527,1
20230303-49284-13461-s-6817,1,0.5984,1
20230303-49284-13461-s-6643,1,0.9615,1
20230303-49284-13461-s-6813,1,0.6537,1
20230303-49284-13461-s-6833,1,0.7768,1
20230303-49284-13461-s-6790,1,0.7521,1
20230303-49284-13461-s-6688,1,0.836,1
20230303-49284-13461-s-6778,1,0.8906,1
20230303-49284-13461-s-6707,1,0.6344,1
20230303-49284-13461-s-6834,1,0.9723,1
20230303-49284-13461-s-6840,1,0.1649,0
20230303-49284-13461-s-6653,1,0.6464,1
20230303-49284-13461-s-6808,1,0.8759,1
20230303-49284-13461-s-6796,1,0.2298,0
20230303-49284-13461-s-6749,1,0.1405,0
20230303-49284-13461-s-6683,1,0.8503,1
20230303-49284-13461-s-6806,1,0.9039,1
20230303-49284-13461-s-6814,1,0.8546,1
20230303-49284-13461-s-6781,1,0.8044,1
20230303-49284-13461-s-6776,1,0.0969,0
20230303-49284-13461-s-6763,1,0.678,1
20230303-49284-13461-s-6791,1,0.7156,1
20230303-49284-13461-s-6831,1,0.7282,1
20230303-49284-13461-s-6567,1,0.9635,1
20230303-49284-13461-s-6958,1,0.1376,0
20230303-49284-13461-s-6956,1,0.66,1
20230303-49284-13461-s-6614,1,0.6611,1
20230303-49284-13461-s-6492,1,0.4031,0
20230303-49284-13461-s-6556,1,0.7821,1
20230303-49284-13461-s-6576,1,0.4951,0
20230303-49284-13461-s-6209,0,0.3098,0
20230303-49284-13461-s-6572,1,0.7937,1
20230303-49284-13461-s-6632,1,0.6584,1
20230303-49284-13461-s-6227,0,0.297,0
20230303-49284-13461-s-6566,1,0.364,0
20230303-49284-13461-s-6599,1,0.3684,0
20230303-49284-13461-s-6528,1,0.5532,1
20230303-49284-13461-s-6624,1,0.6244,1
20230303-49284-13461-s-6278,0,0.0561,0
20230303-49284-13461-s-6957,1,0.046,0
20230303-49284-13461-s-6459,1,0.3826,0
20230303-49284-13461-s-6611,1,0.9033,1
20230303-49284-13461-s-6558,1,0.7292,1
20230303-49284-13461-s-6570,1,0.9229,1
20230303-49284-13461-s-6373,0,0.0399,0
20230303-49284-13461-s-6269,0,0.0861,0
20230303-49284-13461-s-6355,0,0.366,0
20230303-49284-13461-s-6476,1,0.8723,1
20230303-49284-13461-s-6619,1,0.7411,1
20230303-49284-13461-s-6487,1,0.8828,1
20230303-49284-13461-s-6613,1,0.2861,0
20230303-49284-13461-s-6535,1,0.173,0
20230303-49284-13461-s-6602,1,0.4916,0
20230303-49284-13461-s-6610,1,0.814,1
20230303-49284-13461-s-6577,1,0.7739,1
20230303-49284-13461-s-6544,1,0.3965,0
20230303-49284-13461-s-6581,1,0.4923,0
20230303-49284-13461-s-6543,1,0.4265,0
20230303-49284-13461-s-6391,0,0.0635,0
20230303-49284-13461-s-6622,1,0.9148,1
20230303-49284-13461-s-6856,1,0.0151,0
20230303-49281-13461-s-8594,0,0.0419,0
20230303-49281-13461-s-8599,0,0.0848,0
20230303-49284-13461-s-6858,0,0.2531,0
20230303-49281-13461-s-8613,0,0.0907,0
20230303-49281-13461-s-8616,0,0.0399,0
20230303-49281-13461-s-8911,0,0.116,0
20230303-49284-13461-s-6859,0,0.2245,0
20230303-49281-13461-s-8632,0,0.0724,0
20230303-49281-13461-s-8915,0,0.0127,0
20230303-49284-13461-s-6862,0,0.2672,0
20230303-49284-13461-s-6863,0,0.1824,0
20230303-49284-13461-s-6865,0,0.2617,0
20230303-49281-13461-s-8652,0,0.0253,0
20230303-49281-13461-s-8657,0,0.0744,0
20230303-49284-13461-s-6867,0,0.2436,0
20230303-49281-13461-s-8677,0,0.0153,0
20230303-49281-13461-s-8679,0,0.009,0
20230303-49281-13461-s-8693,0,0.0362,0
20230303-49284-13461-s-6874,0,0.1639,0
20230303-49281-13461-s-8700,0,0.1549,0
20230303-49281-13461-s-8701,0,0.0267,0
20230303-49284-13461-s-6879,0,0.0803,0
20230303-49284-13461-s-6878,0,0.039,0
20230303-49281-13461-s-8734,0,0.0242,0
20230303-49284-13461-s-6877,0,0.101,0
20230303-49284-13461-s-6868,0,0.3224,0
20230303-49281-13461-s-8653,0,0.0366,0
20230303-49281-13461-s-8656,0,0.008,0
20230303-49281-13461-s-8735,0,0.0694,0
20230303-49284-13461-s-6880,0,0.1693,0
20230303-49281-13461-s-7934,0,0.0397,0
20230303-49281-13461-s-7937,0,0.1559,0
20230303-49281-13461-s-7942,0,0.1563,0
20230303-49281-13461-s-7946,0,0.0436,0
20230303-49281-13461-s-7954,0,0.0217,0
20230303-49281-13461-s-7960,0,0.1221,0
20230303-49281-13461-s-7961,0,0.1455,0
20230303-49281-13461-s-7968,0,0.1395,0
20230303-49281-13461-s-7973,0,0.0819,0
20230303-49281-13461-s-7975,0,0.1035,0
20230303-49281-13461-s-7985,0,0.0041,0
20230303-49281-13461-s-7990,0,0.0672,0
20230303-49281-13461-s-7991,0,0.4236,0
20230303-49281-13461-s-7998,0,0.0933,0
20230303-49281-13461-s-8000,0,0.2648,0
20230303-49281-13461-s-8002,0,0.1634,0
20230303-49281-13461-s-8003,0,0.0781,0
20230303-49281-13461-s-8004,0,0.0584,0
20230303-49281-13461-s-8010,0,0.2035,0
20230303-49281-13461-s-8012,0,0.1445,0
20230303-49281-13461-s-8023,0,0.0296,0
20230303-49281-13461-s-8027,0,0.1454,0
20230303-49281-13461-s-8032,0,0.0367,0
20230303-49281-13461-s-8064,0,0.0362,0
20230303-49281-13461-s-8067,0,0.0668,0
20230303-49281-13461-s-8053,1,0.3358,0
20230303-49281-13461-s-7967,0,0.0253,0
20230303-49281-13461-s-8017,0,0.114,0
20230303-49281-13461-s-8730,0,0.1197,0
20230303-49281-13461-s-8948,0,0.0951,0
20230303-49281-13461-s-8590,0,0.0483,0
20230303-49281-13461-s-8596,0,0.0363,0
20230303-49281-13461-s-8626,0,0.0775,0
20230303-49281-13461-s-8752,0,0.1056,0
20230303-49281-13461-s-8595,0,0.069,0
20230303-49281-13461-s-8621,0,0.0792,0
20230303-49281-13461-s-8676,0,0.0532,0
20230303-49281-13461-s-8694,0,0.0038,0
20230303-49281-13461-s-8744,0,0.0405,0
20230303-49281-13461-s-8717,0,0.1349,0
20230303-49281-13461-s-8690,0,0.0927,0
20230303-49281-13461-s-8787,0,0.1121,0
20230303-49281-13461-s-8725,0,0.0221,0
20230303-49281-13461-s-8713,0,0.0505,0
20230303-49281-13461-s-8753,0,0.061,0
20230303-49281-13461-s-8738,0,0.0149,0
20230303-49281-13461-s-8606,0,0.0416,0
20230303-49281-13461-s-8627,0,0.1549,0
20230303-49281-13461-s-8604,0,0.0383,0
20230303-49281-13461-s-8645,0,0.0307,0
20230303-49281-13461-s-8663,0,0.148,0
20230303-49281-13461-s-8602,0,0.0464,0
20230303-49281-13461-s-8582,0,0.2413,0
20230303-49281-13461-s-8610,0,0.1563,0
20230303-49281-13461-s-8661,0,0.0169,0
20230303-49281-13461-s-8665,0,0.0467,0
20230303-49281-13461-s-8670,0,0.0427,0
20230303-49281-13461-s-8682,0,0.1273,0
20230303-49281-13461-s-8712,0,0.0657,0
20230303-49281-13461-s-8731,0,0.3192,0
20230303-49281-13461-s-8768,0,0.0728,0
20230303-49281-13461-s-8771,0,0.2632,0
20230303-49281-13461-s-8782,0,0.0802,0
20230303-49281-13461-s-8794,0,0.1175,0
20230303-49281-13461-s-8797,0,0.0435,0
20230303-49284-13461-s-5668,0,0.1448,0
20230303-49281-13461-s-7342,0,0.0264,0
20230303-49281-13461-s-7388,0,0.1224,0
20230303-49284-13461-s-5749,0,0.0913,0
20230303-49284-13461-s-5817,0,0.075,0
20230303-49281-13461-s-7543,0,0.0655,0
20230303-49284-13461-s-7710,0,0.0532,0
20230303-49284-13461-s-6013,0,0.0601,0
20230303-49284-13461-s-6042,0,0.0235,0
20230303-49281-13461-s-7638,0,0.2394,0
20230303-49284-13461-s-6069,0,0.0428,0
20230303-49281-13461-s-7684,0,0.0711,0
20230303-49284-13461-s-6171,0,0.1767,0
20230303-49284-13461-s-6211,0,0.072,0
20230303-49284-13461-s-6210,0,0.2803,0
20230303-49284-13461-s-6222,0,0.0781,0
20230303-49284-13461-s-6251,0,0.0623,0
20230303-49281-13461-s-7842,0,0.2045,0
20230303-49284-13461-s-6423,0,0.0882,0
20230303-49281-13461-s-7963,0,0.2171,0
20230303-49281-13461-s-8950,1,0.721,1
20230303-49284-13461-s-5870,0,0.1337,0
20230303-49284-13461-s-6110,0,0.2428,0
20230303-49284-13461-s-6370,1,0.8819,1
20230303-49281-13461-s-8889,0,0.1253,0
20230303-49281-13461-s-7910,1,0.6633,1
20230303-49281-13461-s-7736,0,0.1247,0
20230303-49281-13461-s-7849,0,0.1442,0
20230303-49281-13461-s-7764,0,0.0817,0
20230303-49284-13461-s-5638,0,0.1237,0
20230303-49284-13461-s-5683,0,0.0827,0
20230303-49284-13461-s-5685,0,0.076,0
20230303-49284-13461-s-5686,0,0.0877,0
20230303-49284-13461-s-5725,0,0.2484,0
20230303-49284-13461-s-5764,0,0.0486,0
20230303-49284-13461-s-5773,0,0.0234,0
20230303-49284-13461-s-5775,0,0.1334,0
20230303-49284-13461-s-5777,0,0.0523,0
20230303-49284-13461-s-5778,0,0.0501,0
20230303-49284-13461-s-5801,0,0.161,0
20230303-49284-13461-s-5823,0,0.0377,0
20230303-49284-13461-s-5825,0,0.0715,0
20230303-49284-13461-s-5827,0,0.1766,0
20230303-49284-13461-s-5834,0,0.1395,0
20230303-49284-13461-s-5845,0,0.2326,0
20230303-49284-13461-s-5854,0,0.0529,0
20230303-49284-13461-s-5868,0,0.1298,0
20230303-49284-13461-s-5874,0,0.0417,0
20230303-49284-13461-s-5885,0,0.0374,0
20230303-49284-13461-s-5964,0,0.0932,0
20230303-49284-13461-s-5956,0,0.0766,0
20230303-49284-13461-s-5959,0,0.1415,0
20230303-49284-13461-s-5997,0,0.0721,0
20230303-49284-13461-s-6005,0,0.1122,0
20230303-49284-13461-s-5822,0,0.0351,0
20230303-49284-13461-s-5726,0,0.0887,0
20230303-49284-13461-s-5671,0,0.0781,0
20230303-49284-13461-s-5672,0,0.284,0
20230303-49284-13461-s-5674,0,0.0522,0
20230303-49284-13461-s-5675,0,0.031,0
20230303-49284-13461-s-5715,0,0.01,0
20230303-49284-13461-s-5720,0,0.1188,0
20230303-49284-13461-s-5733,0,0.0391,0
20230303-49284-13461-s-5744,1,0.5426,1
20230303-49284-13461-s-5755,0,0.0493,0
20230303-49284-13461-s-5756,0,0.1098,0
20230303-49284-13461-s-5765,0,0.0391,0
20230303-49284-13461-s-5763,0,0.0365,0
20230303-49284-13461-s-5757,0,0.2196,0
20230303-49284-13461-s-5769,0,0.0751,0
20230303-49284-13461-s-5820,0,0.0295,0
20230303-49284-13461-s-5821,0,0.0567,0
20230303-49284-13461-s-5846,0,0.106,0
20230303-49284-13461-s-5867,0,0.0251,0
20230303-49284-13461-s-5869,0,0.16,0
20230303-49284-13461-s-5709,0,0.0827,0
20230303-49284-13461-s-5677,0,0.2992,0
20230303-49284-13461-s-5750,0,0.2406,0
20230303-49284-13461-s-6063,1,0.8199,1
20230303-49284-13461-s-6080,0,0.1038,0
20230303-49284-13461-s-6099,0,0.0944,0
20230303-49284-13461-s-6102,0,0.0519,0
20230303-49284-13461-s-6106,0,0.0295,0
20230303-49284-13461-s-6114,0,0.1327,0
20230303-49284-13461-s-6115,0,0.2218,0
20230303-49284-13461-s-6130,0,0.3938,0
20230303-49284-13461-s-6208,0,0.051,0
20230303-49284-13461-s-6212,0,0.1009,0
20230303-49284-13461-s-6225,0,0.0754,0
20230303-49284-13461-s-6241,0,0.046,0
20230303-49284-13461-s-6261,0,0.0568,0
20230303-49284-13461-s-6262,0,0.0401,0
20230303-49284-13461-s-6272,0,0.0501,0
20230303-49284-13461-s-6283,0,0.1012,0
20230303-49284-13461-s-6307,0,0.0886,0
20230303-49284-13461-s-6317,0,0.061,0
20230303-49284-13461-s-6349,0,0.1479,0
20230303-49284-13461-s-6350,0,0.1147,0
20230303-49284-13461-s-6375,0,0.0805,0
20230303-49284-13461-s-6388,0,0.0803,0
20230303-49284-13461-s-6394,0,0.086,0
20230303-49284-13461-s-6412,1,0.5086,1
20230303-49284-13461-s-6416,0,0.2997,0
20230303-49284-13461-s-6308,0,0.0225,0
20230303-49284-13461-s-6424,0,0.0743,0
20230303-49284-13461-s-6411,0,0.0442,0
20230303-49284-13461-s-6277,0,0.128,0
20230303-49284-13461-s-6378,0,0.1205,0
20230303-49284-13461-s-6244,0,0.1131,0
20230303-49284-13461-s-6374,0,0.061,0
20230303-49284-13461-s-6369,0,0.0313,0
20230303-49284-13461-s-6322,0,0.0861,0
20230303-49284-13461-s-6301,0,0.0746,0
20230303-49284-13461-s-6273,0,0.04,0
20230303-49284-13461-s-6335,0,0.009,0
20230303-49284-13461-s-6124,0,0.029,0
20230303-49284-13461-s-6285,0,0.149,0
20230303-49284-13461-s-6257,0,0.0567,0
20230303-49284-13461-s-5951,0,0.1842,0
20230303-49284-13461-s-5952,0,0.0815,0
20230303-49284-13461-s-6012,0,0.0478,0
20230303-49284-13461-s-6051,0,0.0778,0
20230303-49284-13461-s-6056,1,0.4524,0
20230303-49284-13461-s-6062,0,0.0884,0
20230303-49284-13461-s-6070,0,0.0611,0
20230303-49284-13461-s-6073,0,0.1167,0
20230303-49284-13461-s-6085,0,0.056,0
20230303-49284-13461-s-6092,0,0.2212,0
20230303-49284-13461-s-6105,0,0.1817,0
20230303-49284-13461-s-6119,0,0.0768,0
20230303-49284-13461-s-6122,0,0.0878,0
20230303-49284-13461-s-6168,1,0.2443,0
20230303-49284-13461-s-6172,0,0.1154,0
20230303-49284-13461-s-6258,0,0.1327,0
20230303-49284-13461-s-6300,0,0.071,0
20230303-49284-13461-s-6315,0,0.2515,0
20230303-49284-13461-s-6319,0,0.0455,0
20230303-49284-13461-s-6354,0,0.056,0
20230303-49284-13461-s-6366,0,0.1437,0
20230303-49284-13461-s-6379,0,0.1239,0
20230303-49284-13461-s-6408,0,0.608,1
20230303-49284-13461-s-6409,0,0.0349,0
20230303-49284-13461-s-6230,0,0.0928,0
20230303-49284-13461-s-6095,0,0.0965,0
20230303-49284-13461-s-6295,0,0.0731,0
20230303-49284-13461-s-5958,0,0.0292,0
20230303-49284-13461-s-5985,0,0.0623,0
20230303-49284-13461-s-5993,0,0.0383,0
20230303-49284-13461-s-6003,0,0.0319,0
20230303-49284-13461-s-6004,0,0.1576,0
20230303-49284-13461-s-6026,0,0.0172,0
20230303-49284-13461-s-6052,0,0.1262,0
20230303-49284-13461-s-6074,0,0.0174,0
20230303-49284-13461-s-6120,0,0.1197,0
20230303-49284-13461-s-6121,0,0.0616,0
20230303-49284-13461-s-6125,0,0.067,0
20230303-49284-13461-s-6144,0,0.0145,0
20230303-49284-13461-s-6143,0,0.0141,0
20230303-49284-13461-s-6165,1,0.0887,0
20230303-49284-13461-s-6189,1,0.192,0
20230303-49284-13461-s-6214,0,0.1322,0
20230303-49284-13461-s-6215,1,0.1434,0
20230303-49284-13461-s-6217,0,0.1501,0
20230303-49284-13461-s-6224,0,0.016,0
20230303-49284-13461-s-6032,0,0.2856,0
20230303-49284-13461-s-6059,0,0.0587,0
20230303-49284-13461-s-5970,0,0.2386,0
20230303-49284-13461-s-6094,0,0.0503,0
20230303-49284-13461-s-5990,0,0.0267,0
20230303-49284-13461-s-6147,0,0.0165,0
20230303-49284-13461-s-5983,0,0.2341,0
20230303-49284-13461-s-6184,0,0.0199,0
20230303-49284-13461-s-6113,0,0.1204,0
20230303-49284-13461-s-6065,1,0.7301,1
20230303-49284-13461-s-6076,0,0.0859,0
20230303-49284-13461-s-6057,0,0.0275,0
20230303-49284-13461-s-6017,0,0.0349,0
20230303-49284-13461-s-6700,1,0.7909,1
20230303-49284-13461-s-6254,0,0.1162,0
20230303-49284-13461-s-6628,1,0.7164,1
20230303-49284-13461-s-6698,1,0.8396,1
20230303-49284-13461-s-6407,0,0.5346,1
20230303-49284-13461-s-6387,0,0.1205,0
20230303-49284-13461-s-6398,0,0.3229,0
20230303-49284-13461-s-6655,1,0.79,1
20230303-49284-13461-s-6648,1,0.727,1
20230303-49284-13461-s-6449,0,0.0255,0
20230303-49284-13461-s-6352,0,0.2814,0
20230303-49284-13461-s-6344,0,0.0697,0
20230303-49284-13461-s-6667,1,0.1091,0
20230303-49284-13461-s-6389,0,0.0313,0
20230303-49284-13461-s-6324,0,0.0248,0
20230303-49284-13461-s-6201,0,0.3088,0
20230303-49284-13461-s-6146,1,0.0726,0
20230303-49284-13461-s-6503,0,0.244,0
20230303-49284-13461-s-6513,0,0.0301,0
20230303-49284-13461-s-6673,1,0.5965,1
20230303-49284-13461-s-6475,0,0.1041,0
20230303-49284-13461-s-6563,1,0.3339,0
20230303-49284-13461-s-6664,1,0.8968,1
20230303-49284-13461-s-6597,1,0.8754,1
20230303-49284-13461-s-6638,1,0.9813,1
20230303-49284-13461-s-6686,1,0.808,1
20230303-49284-13461-s-6634,1,0.8548,1
20230303-49284-13461-s-6677,1,0.9301,1
20230303-49284-13461-s-6440,0,0.2969,0
20230303-49284-13461-s-6489,0,0.2101,0
20230303-49284-13461-s-6471,0,0.6543,1
20230303-49284-13461-s-6525,0,0.0917,0
20230303-49284-13461-s-6573,0,0.5868,1
20230303-49284-13461-s-6219,0,0.078,0
20230303-49284-13461-s-6228,0,0.028,0
20230303-49284-13461-s-6247,0,0.0857,0
20230303-49284-13461-s-6249,0,0.1439,0
20230303-49284-13461-s-6260,0,0.1343,0
20230303-49284-13461-s-6288,0,0.1555,0
20230303-49284-13461-s-6293,0,0.0924,0
20230303-49284-13461-s-6294,0,0.0332,0
20230303-49284-13461-s-6298,0,0.1066,0
20230303-49284-13461-s-6313,0,0.0242,0
20230303-49284-13461-s-6338,0,0.0347,0
20230303-49284-13461-s-6341,0,0.0497,0
20230303-49284-13461-s-6356,0,0.1007,0
20230303-49284-13461-s-6383,0,0.0792,0
20230303-49284-13461-s-6386,0,0.037,0
20230303-49284-13461-s-6390,1,0.1928,0
20230303-49284-13461-s-6413,0,0.2351,0
20230303-49284-13461-s-6421,0,0.0443,0
20230303-49284-13461-s-6425,0,0.1515,0
20230303-49284-13461-s-6432,0,0.3132,0
20230303-49284-13461-s-6434,1,0.6876,1
20230303-49284-13461-s-6446,0,0.1566,0
20230303-49284-13461-s-6467,1,0.7459,1
20230303-49284-13461-s-6474,1,0.8417,1
20230303-49284-13461-s-6351,0,0.0222,0
20230303-49284-13461-s-6385,0,0.1058,0
20230303-49284-13461-s-6436,0,0.0471,0
20230303-49284-13461-s-6361,0,0.2214,0
20230303-49284-13461-s-6443,1,0.057,0
20230303-49284-13461-s-6381,0,0.0726,0
20230303-49284-13461-s-6430,0,0.0757,0
20230303-49284-13461-s-6400,0,0.2251,0
20230303-49284-13461-s-6431,0,0.156,0
20230303-49284-13461-s-6372,0,0.059,0
20230303-49284-13461-s-6404,0,0.0263,0
20230303-49284-13461-s-6417,0,0.0202,0
20230303-49284-13461-s-6320,0,0.0674,0
20230303-49284-13461-s-6410,0,0.0665,0
20230303-49284-13461-s-6368,0,0.1436,0
20230303-49284-13461-s-6252,0,0.0278,0
20230303-49284-13461-s-6405,0,0.0354,0
20230303-49284-13461-s-6435,0,0.2481,0
20230303-49284-13461-s-6205,0,0.0662,0
20230303-49284-13461-s-6455,0,0.0228,0
20230303-49284-13461-s-6470,1,0.0777,0
20230303-49284-13461-s-6462,0,0.213,0
20230303-49284-13461-s-6460,1,0.3962,0
20230303-49281-13461-s-8018,1,0.7917,1
20230303-49281-13461-s-8895,1,0.7212,1
20230303-49281-13461-s-8898,1,0.8923,1
20230303-49281-13461-s-8902,1,0.4671,0
20230303-49281-13461-s-8900,1,0.7096,1
20230303-49281-13461-s-8891,1,0.856,1
20230303-49284-13461-s-6586,1,0.0886,0
20230303-49284-13461-s-6530,1,0.5576,1
20230303-49284-13461-s-6561,1,0.8908,1
20230303-49284-13461-s-6438,1,0.6142,1
20230303-49284-13461-s-6590,1,0.8697,1
20230303-49284-13461-s-6617,1,0.9277,1
20230303-49284-13461-s-6920,1,0.3698,0
20230303-49284-13461-s-6603,1,0.1768,0
20230303-49284-13461-s-6636,1,0.9192,1
20230303-49284-13461-s-6539,1,0.4247,0
20230303-49284-13461-s-6645,1,0.5559,1
20230303-49284-13461-s-6682,1,0.9097,1
20230303-49281-13461-s-7988,1,0.6254,1
20230303-49284-13461-s-6680,1,0.9603,1
20230303-49284-13461-s-6659,1,0.9589,1
20230303-49284-13461-s-6671,1,0.8709,1
20230303-49281-13461-s-8897,1,0.7256,1
20230303-49281-13461-s-8001,1,0.1155,0
20230303-49284-13461-s-6521,1,0.8948,1
20230303-49281-13461-s-8029,1,0.5909,1
20230303-49284-13461-s-6687,1,0.1388,0
20230303-49284-13461-s-6615,1,0.4574,0
20230303-49281-13461-s-8084,1,0.689,1
20230303-49281-13461-s-8013,1,0.2924,0
20230303-49284-13461-s-6654,1,0.9284,1
20230303-49284-13461-s-6744,1,0.1862,0
20230303-49284-13461-s-6718,1,0.6377,1
20230303-49284-13461-s-6784,1,0.7278,1
20230303-49284-13461-s-6714,1,0.7059,1
20230303-49284-13461-s-6792,1,0.807,1
20230303-49284-13461-s-6762,1,0.6018,1
20230303-49284-13461-s-6736,1,0.8301,1
20230303-49284-13461-s-6771,1,0.8763,1
20230303-49284-13461-s-6803,1,0.3367,0
20230303-49284-13461-s-6706,1,0.9132,1
20230303-49284-13461-s-6785,1,0.9695,1
20230303-49284-13461-s-6730,1,0.9068,1
20230303-49284-13461-s-6757,1,0.8947,1
20230303-49284-13461-s-6818,1,0.8868,1
20230303-49284-13461-s-6802,1,0.58,1
20230303-49284-13461-s-6727,1,0.8704,1
20230303-49284-13461-s-6767,1,0.9296,1
20230303-49284-13461-s-6699,1,0.6725,1
20230303-49284-13461-s-6701,1,0.7911,1
20230303-49281-13461-s-8341,0,0.149,0
20230303-49281-13461-s-8557,0,0.0475,0
20230303-49281-13461-s-8500,0,0.0119,0
20230303-49281-13461-s-8515,0,0.2021,0
20230303-49281-13461-s-8552,0,0.031,0
20230303-49281-13461-s-8399,0,0.1252,0
20230303-49281-13461-s-8504,0,0.2681,0
20230303-49281-13461-s-8477,0,0.0253,0
20230303-49281-13461-s-8436,0,0.1004,0
20230303-49281-13461-s-8572,0,0.0576,0
20230303-49281-13461-s-8426,0,0.1278,0
20230303-49281-13461-s-8545,0,0.059,0
20230303-49281-13461-s-8464,0,0.0598,0
20230303-49281-13461-s-8904,0,0.0692,0
20230303-49284-13461-s-6841,0,0.0442,0
20230303-49284-13461-s-6717,1,0.6296,1
20230303-49284-13461-s-6849,0,0.2133,0
20230303-49284-13461-s-6746,1,0.3953,0
20230303-49284-13461-s-6708,1,0.7161,1
20230303-49284-13461-s-6843,0,0.117,0
20230303-49281-13461-s-8513,0,0.0692,0
20230303-49281-13461-s-8449,0,0.147,0
20230303-49281-13461-s-8299,0,0.2477,0
20230303-49281-13461-s-8519,0,0.0724,0
20230303-49281-13461-s-8567,0,0.0535,0
20230303-49281-13461-s-8584,0,0.049,0
20230303-49281-13461-s-8219,0,0.1752,0
20230303-49281-13461-s-8585,0,0.0262,0
20230303-49281-13461-s-8327,0,0.0789,0
20230303-49281-13461-s-8476,0,0.1092,0
20230303-49281-13461-s-8534,0,0.0564,0
20230303-49281-13461-s-8566,0,0.1192,0
20230303-49281-13461-s-8453,0,0.0698,0
20230303-49281-13461-s-8451,0,0.0808,0
20230303-49284-13461-s-6848,0,0.0511,0
20230303-49281-13461-s-8579,0,0.0919,0
20230303-49281-13461-s-8573,0,0.0242,0
20230303-49281-13461-s-8531,0,0.1381,0
20230303-49281-13461-s-8372,0,0.0462,0
20230303-49281-13461-s-8499,0,0.1655,0
20230303-49281-13461-s-8454,0,0.1706,0
20230303-49281-13461-s-8554,0,0.0352,0
20230303-49281-13461-s-8432,0,0.2507,0
20230303-49281-13461-s-8282,0,0.1219,0
20230303-49281-13461-s-8503,0,0.0563,0
20230303-49281-13461-s-8107,0,0.1904,0
20230303-49281-13461-s-8510,0,0.0394,0
20230303-49281-13461-s-8536,0,0.0079,0
20230303-49281-13461-s-8416,0,0.2318,0
20230303-49281-13461-s-7978,0,0.3559,0
20230303-49281-13461-s-8507,1,0.213,0
20230303-49281-13461-s-8770,0,0.0703,0
20230303-49281-13461-s-8605,0,0.0707,0
20230303-49281-13461-s-8769,0,0.0192,0
20230303-49281-13461-s-8814,0,0.1073,0
20230303-49281-13461-s-8622,0,0.0092,0
20230303-49281-13461-s-8586,0,0.0154,0
20230303-49281-13461-s-8660,0,0.1274,0
20230303-49281-13461-s-8785,0,0.1691,0
20230303-49281-13461-s-8623,0,0.047,0
20230303-49281-13461-s-8649,0,0.2788,0
20230303-49281-13461-s-8617,0,0.1796,0
20230303-49281-13461-s-8696,0,0.1205,0
20230303-49281-13461-s-8788,0,0.0807,0
20230303-49281-13461-s-8754,0,0.1393,0
20230303-49281-13461-s-8762,0,0.1071,0
20230303-49281-13461-s-8726,0,0.0831,0
20230303-49281-13461-s-8591,0,0.0241,0
20230303-49284-13461-s-6641,1,0.5677,1
20230303-49284-13461-s-6612,1,0.9381,1
20230303-49284-13461-s-6485,1,0.8772,1
20230303-49284-13461-s-6633,1,0.9022,1
20230303-49284-13461-s-6681,1,0.7883,1
20230303-49284-13461-s-6526,0,0.515,1
20230303-49284-13461-s-6574,1,0.1431,0
20230303-49284-13461-s-6675,1,0.8927,1
20230303-49284-13461-s-6551,0,0.2102,0
20230303-49284-13461-s-6587,1,0.2685,0
20230303-49284-13461-s-6565,0,0.1899,0
20230303-49284-13461-s-6537,0,0.4817,0
20230303-49284-13461-s-6505,1,0.804,1
20230303-49284-13461-s-6660,1,0.8362,1
20230303-49284-13461-s-6685,1,0.9286,1
20230303-49284-13461-s-6538,0,0.1537,0
20230303-49284-13461-s-6642,1,0.7679,1
20230303-49284-13461-s-6635,1,0.9057,1
20230303-49284-13461-s-6569,0,0.0357,0
20230303-49284-13461-s-6631,1,0.8476,1
20230303-49284-13461-s-6668,1,0.9673,1
20230303-49284-13461-s-6647,1,0.9281,1
20230303-49284-13461-s-6650,1,0.818,1
20230303-49284-13461-s-6540,0,0.2164,0
20230303-49284-13461-s-6674,1,0.8734,1
20230303-49284-13461-s-6669,1,0.9639,1
20230303-49284-13461-s-6616,1,0.9571,1
20230303-49284-13461-s-6480,1,0.1041,0
20230303-49284-13461-s-6506,1,0.8086,1
20230303-49284-13461-s-6512,0,0.5376,1
20230303-49284-13461-s-6609,1,0.5183,1
20230303-49284-13461-s-6690,1,0.7687,1
20230303-49284-13461-s-6678,1,0.9211,1
20230303-49284-13461-s-6482,1,0.8738,1
20230303-49284-13461-s-6507,0,0.5483,1
20230303-49284-13461-s-6768,1,0.6833,1
20230303-49284-13461-s-6747,1,0.0879,0
20230303-49284-13461-s-6800,1,0.9693,1
20230303-49284-13461-s-6696,1,0.5984,1
20230303-49284-13461-s-6809,1,0.9415,1
20230303-49284-13461-s-6720,1,0.0296,0
20230303-49284-13461-s-6819,1,0.7921,1
20230303-49284-13461-s-6732,1,0.2444,0
20230303-49284-13461-s-6737,1,0.8134,1
20230303-49284-13461-s-6823,1,0.907,1
20230303-49284-13461-s-6715,1,0.048,0
20230303-49284-13461-s-6748,1,0.4503,0
20230303-49284-13461-s-6777,1,0.8213,1
20230303-49284-13461-s-6807,1,0.5583,1
20230303-49284-13461-s-6815,1,0.3987,0
20230303-49284-13461-s-6822,1,0.8983,1
20230303-49284-13461-s-6783,1,0.6328,1
20230303-49284-13461-s-6804,1,0.4859,0
20230303-49284-13461-s-6691,1,0.17,0
20230303-49284-13461-s-6770,1,0.5446,1
20230303-49284-13461-s-6838,1,0.7596,1
20230303-49284-13461-s-6827,1,0.8844,1
20230303-49284-13461-s-6758,1,0.7738,1
20230303-49284-13461-s-6835,1,0.6744,1
20230303-49284-13461-s-6752,1,0.7936,1
20230303-49284-13461-s-6829,1,0.7667,1
20230303-49284-13461-s-6703,1,0.8127,1
20230303-49284-13461-s-6735,1,0.0831,0
20230303-49284-13461-s-6795,1,0.8867,1
20230303-49284-13461-s-6766,1,0.9812,1
20230303-49284-13461-s-6810,1,0.8577,1
20230303-49284-13461-s-6740,1,0.5853,1
20230303-49284-13461-s-6782,1,0.9454,1
20230303-49284-13461-s-6754,1,0.926,1
20230303-49284-13461-s-6780,1,0.832,1
20230303-49284-13461-s-6704,1,0.7593,1
20230303-49284-13461-s-6724,1,0.1507,0
20230303-49284-13461-s-6743,1,0.2337,0
20230303-49284-13461-s-6731,1,0.9283,1
20230303-49284-13461-s-6794,1,0.5401,1
20230303-49284-13461-s-6753,1,0.8894,1
20230303-49284-13461-s-6716,1,0.678,1
20230303-49284-13461-s-6769,1,0.7483,1
20230303-49284-13461-s-6751,1,0.9523,1
20230303-49284-13461-s-6789,1,0.4302,0
20230303-49284-13461-s-6723,1,0.3246,0
20230303-49284-13461-s-6760,1,0.516,1
20230303-49284-13461-s-6728,1,0.9388,1
20230303-49284-13461-s-6722,1,0.1921,0
20230303-49284-13461-s-6694,1,0.8636,1
20230303-49284-13461-s-6705,1,0.8098,1
20230303-49284-13461-s-6711,1,0.7512,1
20230303-49284-13461-s-6721,1,0.7468,1
20230303-49284-13461-s-6726,1,0.8226,1
20230303-49284-13461-s-6738,1,0.5091,1
20230303-49284-13461-s-6779,0,0.3578,0
20230303-49284-13461-s-6697,1,0.8739,1
20230303-49284-13461-s-6734,1,0.4168,0
20230303-49284-13461-s-6725,1,0.559,1
20230303-49284-13461-s-6719,1,0.4616,0
20230303-49284-13461-s-6712,1,0.0769,0
20230303-49284-13461-s-6741,0,0.076,0
20230303-49284-13461-s-6713,1,0.8339,1
20230303-49284-13461-s-6709,1,0.7567,1
20230303-49284-13461-s-6657,1,0.9258,1
20230303-49284-13461-s-6554,1,0.6961,1
20230303-49284-13461-s-6594,1,0.8231,1
20230303-49284-13461-s-6649,1,0.7925,1
20230303-49284-13461-s-6504,1,0.7437,1
20230303-49284-13461-s-6627,1,0.9316,1
20230303-49284-13461-s-6527,1,0.943,1
20230303-49284-13461-s-6493,1,0.8737,1
20230303-49284-13461-s-6670,1,0.827,1
20230303-49284-13461-s-6559,1,0.8929,1
20230303-49284-13461-s-6593,1,0.9143,1
20230303-49284-13461-s-6497,1,0.9652,1
20230303-49284-13461-s-6547,1,0.9374,1
20230303-49284-13461-s-6637,1,0.6789,1
20230303-49284-13461-s-6584,1,0.9391,1
20230303-49284-13461-s-6456,1,0.9566,1
20230303-49284-13461-s-6579,1,0.7193,1
20230303-49284-13461-s-6522,1,0.2264,0
20230303-49284-13461-s-6651,1,0.8731,1
20230303-49284-13461-s-6665,1,0.5678,1
20230303-49284-13461-s-6606,1,0.9536,1
20230303-49284-13461-s-6502,1,0.9176,1
20230303-49284-13461-s-6518,1,0.7507,1
20230303-49284-13461-s-6676,1,0.8555,1
20230303-49284-13461-s-6483,1,0.8918,1
20230303-49284-13461-s-6562,1,0.7503,1
20230303-49284-13461-s-6592,1,0.9744,1
20230303-49284-13461-s-6630,1,0.8998,1
20230303-49284-13461-s-6663,1,0.6859,1
20230303-49284-13461-s-6500,1,0.6144,1
20230303-49284-13461-s-6541,1,0.8494,1
20230303-49284-13461-s-6511,1,0.9249,1
20230303-49284-13461-s-6601,1,0.8749,1
20230303-49284-13461-s-6623,1,0.9539,1
20230303-49284-13461-s-6490,1,0.5171,1
20230303-49284-13461-s-6656,1,0.929,1
20230303-49284-13461-s-6498,1,0.9369,1
20230303-49284-13461-s-6531,1,0.8143,1
20230303-49284-13461-s-6564,1,0.8827,1
20230303-49284-13461-s-6580,1,0.8766,1
20230303-49284-13461-s-6658,1,0.8612,1
20230303-49284-13461-s-6514,1,0.9427,1
20230303-49284-13461-s-6598,1,0.9496,1
20230303-49284-13461-s-6532,1,0.8986,1
20230303-49284-13461-s-6545,1,0.8276,1
20230303-49284-13461-s-6646,1,0.4532,0
20230303-49284-13461-s-6568,1,0.5846,1
20230303-49284-13461-s-6626,1,0.732,1
20230303-49284-13461-s-6575,1,0.9422,1
20230303-49284-13461-s-6481,0,0.3132,0
20230303-49284-13461-s-6607,1,0.9221,1
20230303-49284-13461-s-6585,1,0.9556,1
20230303-49284-13461-s-6625,1,0.7293,1
20230303-49284-13461-s-6820,1,0.935,1
20230303-49284-13461-s-6684,1,0.5093,1
20230303-49284-13461-s-6836,1,0.4148,0
20230303-49284-13461-s-6828,1,0.7865,1
20230303-49284-13461-s-6765,1,0.8637,1
20230303-49284-13461-s-6739,1,0.9157,1
20230303-49284-13461-s-6798,1,0.4813,0
20230303-49284-13461-s-6756,1,0.9179,1
20230303-49284-13461-s-6826,1,0.5924,1
20230303-49284-13461-s-6793,1,0.1174,0
20230303-49284-13461-s-6733,1,0.8639,1
20230303-49284-13461-s-6787,1,0.9155,1
20230303-49284-13461-s-6729,1,0.8699,1
20230303-49284-13461-s-6799,1,0.9132,1
20230303-49284-13461-s-6821,1,0.3397,0
20230303-49284-13461-s-6832,1,0.4113,0
20230303-49284-13461-s-6742,1,0.9549,1
20230303-49284-13461-s-6940,1,0.9318,1
20230303-49284-13461-s-6764,1,0.7903,1
20230303-49284-13461-s-6811,1,0.9865,1
20230303-49284-13461-s-6830,1,0.7568,1
20230303-49284-13461-s-6824,1,0.9158,1
20230303-49284-13461-s-6941,0,0.1557,0
20230303-49284-13461-s-6692,1,0.7163,1
20230303-49284-13461-s-6842,0,0.0478,0
20230303-49284-13461-s-6805,1,0.9762,1
20230303-49284-13461-s-6750,1,0.7642,1
20230303-49284-13461-s-6816,1,0.6789,1
20230303-49281-13461-s-8816,0,0.044,0
20230303-49281-13461-s-8688,0,0.046,0
20230303-49281-13461-s-8779,0,0.0309,0
20230303-49281-13461-s-8650,0,0.1134,0
20230303-49281-13461-s-8597,0,0.0386,0
20230303-49281-13461-s-8631,0,0.2235,0
20230303-49281-13461-s-8761,0,0.038,0
20230303-49281-13461-s-8772,0,0.2097,0
20230303-49281-13461-s-8592,0,0.0836,0
20230303-49281-13461-s-8918,0,0.0689,0
20230303-49281-13461-s-8913,0,0.1136,0
20230303-49284-13461-s-6873,0,0.1367,0
20230303-49284-13461-s-6857,0,0.016,0
20230303-49284-13461-s-6872,0,0.1177,0
20230303-49284-13461-s-6869,0,0.2131,0
20230303-49284-13461-s-6860,0,0.22,0
20230303-49284-13461-s-6876,0,0.0561,0
20230303-49284-13461-s-6884,0,0.0454,0
20230303-49284-13461-s-6881,0,0.0424,0
20230303-49284-13461-s-6875,0,0.2317,0
20230303-49284-13461-s-6871,0,0.2213,0
20230303-49284-13461-s-6882,0,0.1398,0
20230303-49284-13461-s-6885,0,0.0569,0
20230303-49281-13461-s-8675,0,0.0196,0
20230303-49281-13461-s-8687,0,0.033,0
20230303-49284-13461-s-6870,0,0.1162,0
